BRANCH_ID,TARGET_YEAR,TARGET_MONTH,TARGET_TXN_AMOUNT,TARGET_LOAN_AMOUNT,TARGET_NEW_ACCOUNTS
B00001,2022,1,3628682.09,2764710.16,15
B00001,2022,2,3628682.09,2764710.16,15
B00001,2022,3,3628682.09,2764710.16,15
B00001,2022,4,3628682.09,2764710.16,15
B00001,2022,5,3628682.09,2764710.16,15
B00001,2022,6,3628682.09,2764710.16,15
B00001,2022,7,3628682.09,2764710.16,15
B00001,2022,8,3628682.09,2764710.16,15
B00001,2022,9,3628682.09,2764710.16,15
B00001,2022,10,3628682.09,2764710.16,15
B00001,2022,11,3628682.09,2764710.16,15
B00001,2022,12,3628682.09,2764710.16,15
B00001,2023,1,3628682.09,2764710.16,15
B00001,2023,2,3628682.09,2764710.16,15
B00001,2023,3,3628682.09,2764710.16,15
B00001,2023,4,3628682.09,2764710.16,15
B00001,2023,5,3628682.09,2764710.16,15
B00001,2023,6,3628682.09,2764710.16,15
B00001,2023,7,3628682.09,2764710.16,15
B00001,2023,8,3628682.09,2764710.16,15
B00001,2023,9,3628682.09,2764710.16,15
B00001,2023,10,3628682.09,2764710.16,15
B00001,2023,11,3628682.09,2764710.16,15
B00001,2023,12,3628682.09,2764710.16,15
B00002,2022,1,4485504.66,3417527.36,15
B00002,2022,2,4485504.66,3417527.36,15
B00002,2022,3,4485504.66,3417527.36,15
B00002,2022,4,4485504.66,3417527.36,15
B00002,2022,5,4485504.66,3417527.36,15
B00002,2022,6,4485504.66,3417527.36,15
B00002,2022,7,4485504.66,3417527.36,15
B00002,2022,8,4485504.66,3417527.36,15
B00002,2022,9,4485504.66,3417527.36,15
B00002,2022,10,4485504.66,3417527.36,15
B00002,2022,11,4485504.66,3417527.36,15
B00002,2022,12,4485504.66,3417527.36,15
B00002,2023,1,4485504.66,3417527.36,15
B00002,2023,2,4485504.66,3417527.36,15
B00002,2023,3,4485504.66,3417527.36,15
B00002,2023,4,4485504.66,3417527.36,15
B00002,2023,5,4485504.66,3417527.36,15
B00002,2023,6,4485504.66,3417527.36,15
B00002,2023,7,4485504.66,3417527.36,15
B00002,2023,8,4485504.66,3417527.36,15
B00002,2023,9,4485504.66,3417527.36,15
B00002,2023,10,4485504.66,3417527.36,15
B00002,2023,11,4485504.66,3417527.36,15
B00002,2023,12,4485504.66,3417527.36,15
B00003,2022,1,3769557.75,2872044.0,15
B00003,2022,2,3769557.75,2872044.0,15
B00003,2022,3,3769557.75,2872044.0,15
B00003,2022,4,3769557.75,2872044.0,15
B00003,2022,5,3769557.75,2872044.0,15
B00003,2022,6,3769557.75,2872044.0,15
B00003,2022,7,3769557.75,2872044.0,15
B00003,2022,8,3769557.75,2872044.0,15
B00003,2022,9,3769557.75,2872044.0,15
B00003,2022,10,3769557.75,2872044.0,15
B00003,2022,11,3769557.75,2872044.0,15
B00003,2022,12,3769557.75,2872044.0,15
B00003,2023,1,3769557.75,2872044.0,15
B00003,2023,2,3769557.75,2872044.0,15
B00003,2023,3,3769557.75,2872044.0,15
B00003,2023,4,3769557.75,2872044.0,15
B00003,2023,5,3769557.75,2872044.0,15
B00003,2023,6,3769557.75,2872044.0,15
B00003,2023,7,3769557.75,2872044.0,15
B00003,2023,8,3769557.75,2872044.0,15
B00003,2023,9,3769557.75,2872044.0,15
B00003,2023,10,3769557.75,2872044.0,15
B00003,2023,11,3769557.75,2872044.0,15
B00003,2023,12,3769557.75,2872044.0,15
B00004,2022,1,4245605.59,3234747.12,15
B00004,2022,2,4245605.59,3234747.12,15
B00004,2022,3,4245605.59,3234747.12,15
B00004,2022,4,4245605.59,3234747.12,15
B00004,2022,5,4245605.59,3234747.12,15
B00004,2022,6,4245605.59,3234747.12,15
B00004,2022,7,4245605.59,3234747.12,15
B00004,2022,8,4245605.59,3234747.12,15
B00004,2022,9,4245605.59,3234747.12,15
B00004,2022,10,4245605.59,3234747.12,15
B00004,2022,11,4245605.59,3234747.12,15
B00004,2022,12,4245605.59,3234747.12,15
B00004,2023,1,4245605.59,3234747.12,15
B00004,2023,2,4245605.59,3234747.12,15
B00004,2023,3,4245605.59,3234747.12,15
B00004,2023,4,4245605.59,3234747.12,15
B00004,2023,5,4245605.59,3234747.12,15
B00004,2023,6,4245605.59,3234747.12,15
B00004,2023,7,4245605.59,3234747.12,15
B00004,2023,8,4245605.59,3234747.12,15
B00004,2023,9,4245605.59,3234747.12,15
B00004,2023,10,4245605.59,3234747.12,15
B00004,2023,11,4245605.59,3234747.12,15
B00004,2023,12,4245605.59,3234747.12,15
B00005,2022,1,3962115.99,3018755.04,15
B00005,2022,2,3962115.99,3018755.04,15
B00005,2022,3,3962115.99,3018755.04,15
B00005,2022,4,3962115.99,3018755.04,15
B00005,2022,5,3962115.99,3018755.04,15
B00005,2022,6,3962115.99,3018755.04,15
B00005,2022,7,3962115.99,3018755.04,15
B00005,2022,8,3962115.99,3018755.04,15
B00005,2022,9,3962115.99,3018755.04,15
B00005,2022,10,3962115.99,3018755.04,15
B00005,2022,11,3962115.99,3018755.04,15
B00005,2022,12,3962115.99,3018755.04,15
B00005,2023,1,3962115.99,3018755.04,15
B00005,2023,2,3962115.99,3018755.04,15
B00005,2023,3,3962115.99,3018755.04,15
B00005,2023,4,3962115.99,3018755.04,15
B00005,2023,5,3962115.99,3018755.04,15
B00005,2023,6,3962115.99,3018755.04,15
B00005,2023,7,3962115.99,3018755.04,15
B00005,2023,8,3962115.99,3018755.04,15
B00005,2023,9,3962115.99,3018755.04,15
B00005,2023,10,3962115.99,3018755.04,15
B00005,2023,11,3962115.99,3018755.04,15
B00005,2023,12,3962115.99,3018755.04,15
B00006,2022,1,5765732.17,4392938.8,15
B00006,2022,2,5765732.17,4392938.8,15
B00006,2022,3,5765732.17,4392938.8,15
B00006,2022,4,5765732.17,4392938.8,15
B00006,2022,5,5765732.17,4392938.8,15
B00006,2022,6,5765732.17,4392938.8,15
B00006,2022,7,5765732.17,4392938.8,15
B00006,2022,8,5765732.17,4392938.8,15
B00006,2022,9,5765732.17,4392938.8,15
B00006,2022,10,5765732.17,4392938.8,15
B00006,2022,11,5765732.17,4392938.8,15
B00006,2022,12,5765732.17,4392938.8,15
B00006,2023,1,5765732.17,4392938.8,15
B00006,2023,2,5765732.17,4392938.8,15
B00006,2023,3,5765732.17,4392938.8,15
B00006,2023,4,5765732.17,4392938.8,15
B00006,2023,5,5765732.17,4392938.8,15
B00006,2023,6,5765732.17,4392938.8,15
B00006,2023,7,5765732.17,4392938.8,15
B00006,2023,8,5765732.17,4392938.8,15
B00006,2023,9,5765732.17,4392938.8,15
B00006,2023,10,5765732.17,4392938.8,15
B00006,2023,11,5765732.17,4392938.8,15
B00006,2023,12,5765732.17,4392938.8,15
B00007,2022,1,4682982.25,3567986.48,15
B00007,2022,2,4682982.25,3567986.48,15
B00007,2022,3,4682982.25,3567986.48,15
B00007,2022,4,4682982.25,3567986.48,15
B00007,2022,5,4682982.25,3567986.48,15
B00007,2022,6,4682982.25,3567986.48,15
B00007,2022,7,4682982.25,3567986.48,15
B00007,2022,8,4682982.25,3567986.48,15
B00007,2022,9,4682982.25,3567986.48,15
B00007,2022,10,4682982.25,3567986.48,15
B00007,2022,11,4682982.25,3567986.48,15
B00007,2022,12,4682982.25,3567986.48,15
B00007,2023,1,4682982.25,3567986.48,15
B00007,2023,2,4682982.25,3567986.48,15
B00007,2023,3,4682982.25,3567986.48,15
B00007,2023,4,4682982.25,3567986.48,15
B00007,2023,5,4682982.25,3567986.48,15
B00007,2023,6,4682982.25,3567986.48,15
B00007,2023,7,4682982.25,3567986.48,15
B00007,2023,8,4682982.25,3567986.48,15
B00007,2023,9,4682982.25,3567986.48,15
B00007,2023,10,4682982.25,3567986.48,15
B00007,2023,11,4682982.25,3567986.48,15
B00007,2023,12,4682982.25,3567986.48,15
B00008,2022,1,3562254.26,2714098.48,15
B00008,2022,2,3562254.26,2714098.48,15
B00008,2022,3,3562254.26,2714098.48,15
B00008,2022,4,3562254.26,2714098.48,15
B00008,2022,5,3562254.26,2714098.48,15
B00008,2022,6,3562254.26,2714098.48,15
B00008,2022,7,3562254.26,2714098.48,15
B00008,2022,8,3562254.26,2714098.48,15
B00008,2022,9,3562254.26,2714098.48,15
B00008,2022,10,3562254.26,2714098.48,15
B00008,2022,11,3562254.26,2714098.48,15
B00008,2022,12,3562254.26,2714098.48,15
B00008,2023,1,3562254.26,2714098.48,15
B00008,2023,2,3562254.26,2714098.48,15
B00008,2023,3,3562254.26,2714098.48,15
B00008,2023,4,3562254.26,2714098.48,15
B00008,2023,5,3562254.26,2714098.48,15
B00008,2023,6,3562254.26,2714098.48,15
B00008,2023,7,3562254.26,2714098.48,15
B00008,2023,8,3562254.26,2714098.48,15
B00008,2023,9,3562254.26,2714098.48,15
B00008,2023,10,3562254.26,2714098.48,15
B00008,2023,11,3562254.26,2714098.48,15
B00008,2023,12,3562254.26,2714098.48,15
B00009,2022,1,4375088.76,3333400.96,15
B00009,2022,2,4375088.76,3333400.96,15
B00009,2022,3,4375088.76,3333400.96,15
B00009,2022,4,4375088.76,3333400.96,15
B00009,2022,5,4375088.76,3333400.96,15
B00009,2022,6,4375088.76,3333400.96,15
B00009,2022,7,4375088.76,3333400.96,15
B00009,2022,8,4375088.76,3333400.96,15
B00009,2022,9,4375088.76,3333400.96,15
B00009,2022,10,4375088.76,3333400.96,15
B00009,2022,11,4375088.76,3333400.96,15
B00009,2022,12,4375088.76,3333400.96,15
B00009,2023,1,4375088.76,3333400.96,15
B00009,2023,2,4375088.76,3333400.96,15
B00009,2023,3,4375088.76,3333400.96,15
B00009,2023,4,4375088.76,3333400.96,15
B00009,2023,5,4375088.76,3333400.96,15
B00009,2023,6,4375088.76,3333400.96,15
B00009,2023,7,4375088.76,3333400.96,15
B00009,2023,8,4375088.76,3333400.96,15
B00009,2023,9,4375088.76,3333400.96,15
B00009,2023,10,4375088.76,3333400.96,15
B00009,2023,11,4375088.76,3333400.96,15
B00009,2023,12,4375088.76,3333400.96,15
B00010,2022,1,4298165.76,3274792.96,15
B00010,2022,2,4298165.76,3274792.96,15
B00010,2022,3,4298165.76,3274792.96,15
B00010,2022,4,4298165.76,3274792.96,15
B00010,2022,5,4298165.76,3274792.96,15
B00010,2022,6,4298165.76,3274792.96,15
B00010,2022,7,4298165.76,3274792.96,15
B00010,2022,8,4298165.76,3274792.96,15
B00010,2022,9,4298165.76,3274792.96,15
B00010,2022,10,4298165.76,3274792.96,15
B00010,2022,11,4298165.76,3274792.96,15
B00010,2022,12,4298165.76,3274792.96,15
B00010,2023,1,4298165.76,3274792.96,15
B00010,2023,2,4298165.76,3274792.96,15
B00010,2023,3,4298165.76,3274792.96,15
B00010,2023,4,4298165.76,3274792.96,15
B00010,2023,5,4298165.76,3274792.96,15
B00010,2023,6,4298165.76,3274792.96,15
B00010,2023,7,4298165.76,3274792.96,15
B00010,2023,8,4298165.76,3274792.96,15
B00010,2023,9,4298165.76,3274792.96,15
B00010,2023,10,4298165.76,3274792.96,15
B00010,2023,11,4298165.76,3274792.96,15
B00010,2023,12,4298165.76,3274792.96,15
B00011,2022,1,4786874.92,3647142.8,15
B00011,2022,2,4786874.92,3647142.8,15
B00011,2022,3,4786874.92,3647142.8,15
B00011,2022,4,4786874.92,3647142.8,15
B00011,2022,5,4786874.92,3647142.8,15
B00011,2022,6,4786874.92,3647142.8,15
B00011,2022,7,4786874.92,3647142.8,15
B00011,2022,8,4786874.92,3647142.8,15
B00011,2022,9,4786874.92,3647142.8,15
B00011,2022,10,4786874.92,3647142.8,15
B00011,2022,11,4786874.92,3647142.8,15
B00011,2022,12,4786874.92,3647142.8,15
B00011,2023,1,4786874.92,3647142.8,15
B00011,2023,2,4786874.92,3647142.8,15
B00011,2023,3,4786874.92,3647142.8,15
B00011,2023,4,4786874.92,3647142.8,15
B00011,2023,5,4786874.92,3647142.8,15
B00011,2023,6,4786874.92,3647142.8,15
B00011,2023,7,4786874.92,3647142.8,15
B00011,2023,8,4786874.92,3647142.8,15
B00011,2023,9,4786874.92,3647142.8,15
B00011,2023,10,4786874.92,3647142.8,15
B00011,2023,11,4786874.92,3647142.8,15
B00011,2023,12,4786874.92,3647142.8,15
B00012,2022,1,5073659.96,3865645.68,15
B00012,2022,2,5073659.96,3865645.68,15
B00012,2022,3,5073659.96,3865645.68,15
B00012,2022,4,5073659.96,3865645.68,15
B00012,2022,5,5073659.96,3865645.68,15
B00012,2022,6,5073659.96,3865645.68,15
B00012,2022,7,5073659.96,3865645.68,15
B00012,2022,8,5073659.96,3865645.68,15
B00012,2022,9,5073659.96,3865645.68,15
B00012,2022,10,5073659.96,3865645.68,15
B00012,2022,11,5073659.96,3865645.68,15
B00012,2022,12,5073659.96,3865645.68,15
B00012,2023,1,5073659.96,3865645.68,15
B00012,2023,2,5073659.96,3865645.68,15
B00012,2023,3,5073659.96,3865645.68,15
B00012,2023,4,5073659.96,3865645.68,15
B00012,2023,5,5073659.96,3865645.68,15
B00012,2023,6,5073659.96,3865645.68,15
B00012,2023,7,5073659.96,3865645.68,15
B00012,2023,8,5073659.96,3865645.68,15
B00012,2023,9,5073659.96,3865645.68,15
B00012,2023,10,5073659.96,3865645.68,15
B00012,2023,11,5073659.96,3865645.68,15
B00012,2023,12,5073659.96,3865645.68,15
B00013,2022,1,4157809.85,3167855.12,15
B00013,2022,2,4157809.85,3167855.12,15
B00013,2022,3,4157809.85,3167855.12,15
B00013,2022,4,4157809.85,3167855.12,15
B00013,2022,5,4157809.85,3167855.12,15
B00013,2022,6,4157809.85,3167855.12,15
B00013,2022,7,4157809.85,3167855.12,15
B00013,2022,8,4157809.85,3167855.12,15
B00013,2022,9,4157809.85,3167855.12,15
B00013,2022,10,4157809.85,3167855.12,15
B00013,2022,11,4157809.85,3167855.12,15
B00013,2022,12,4157809.85,3167855.12,15
B00013,2023,1,4157809.85,3167855.12,15
B00013,2023,2,4157809.85,3167855.12,15
B00013,2023,3,4157809.85,3167855.12,15
B00013,2023,4,4157809.85,3167855.12,15
B00013,2023,5,4157809.85,3167855.12,15
B00013,2023,6,4157809.85,3167855.12,15
B00013,2023,7,4157809.85,3167855.12,15
B00013,2023,8,4157809.85,3167855.12,15
B00013,2023,9,4157809.85,3167855.12,15
B00013,2023,10,4157809.85,3167855.12,15
B00013,2023,11,4157809.85,3167855.12,15
B00013,2023,12,4157809.85,3167855.12,15
B00014,2022,1,5927544.74,4516224.56,15
B00014,2022,2,5927544.74,4516224.56,15
B00014,2022,3,5927544.74,4516224.56,15
B00014,2022,4,5927544.74,4516224.56,15
B00014,2022,5,5927544.74,4516224.56,15
B00014,2022,6,5927544.74,4516224.56,15
B00014,2022,7,5927544.74,4516224.56,15
B00014,2022,8,5927544.74,4516224.56,15
B00014,2022,9,5927544.74,4516224.56,15
B00014,2022,10,5927544.74,4516224.56,15
B00014,2022,11,5927544.74,4516224.56,15
B00014,2022,12,5927544.74,4516224.56,15
B00014,2023,1,5927544.74,4516224.56,15
B00014,2023,2,5927544.74,4516224.56,15
B00014,2023,3,5927544.74,4516224.56,15
B00014,2023,4,5927544.74,4516224.56,15
B00014,2023,5,5927544.74,4516224.56,15
B00014,2023,6,5927544.74,4516224.56,15
B00014,2023,7,5927544.74,4516224.56,15
B00014,2023,8,5927544.74,4516224.56,15
B00014,2023,9,5927544.74,4516224.56,15
B00014,2023,10,5927544.74,4516224.56,15
B00014,2023,11,5927544.74,4516224.56,15
B00014,2023,12,5927544.74,4516224.56,15
B00015,2022,1,3545663.94,2701458.24,15
B00015,2022,2,3545663.94,2701458.24,15
B00015,2022,3,3545663.94,2701458.24,15
B00015,2022,4,3545663.94,2701458.24,15
B00015,2022,5,3545663.94,2701458.24,15
B00015,2022,6,3545663.94,2701458.24,15
B00015,2022,7,3545663.94,2701458.24,15
B00015,2022,8,3545663.94,2701458.24,15
B00015,2022,9,3545663.94,2701458.24,15
B00015,2022,10,3545663.94,2701458.24,15
B00015,2022,11,3545663.94,2701458.24,15
B00015,2022,12,3545663.94,2701458.24,15
B00015,2023,1,3545663.94,2701458.24,15
B00015,2023,2,3545663.94,2701458.24,15
B00015,2023,3,3545663.94,2701458.24,15
B00015,2023,4,3545663.94,2701458.24,15
B00015,2023,5,3545663.94,2701458.24,15
B00015,2023,6,3545663.94,2701458.24,15
B00015,2023,7,3545663.94,2701458.24,15
B00015,2023,8,3545663.94,2701458.24,15
B00015,2023,9,3545663.94,2701458.24,15
B00015,2023,10,3545663.94,2701458.24,15
B00015,2023,11,3545663.94,2701458.24,15
B00015,2023,12,3545663.94,2701458.24,15
B00016,2022,1,4031923.25,3071941.52,15
B00016,2022,2,4031923.25,3071941.52,15
B00016,2022,3,4031923.25,3071941.52,15
B00016,2022,4,4031923.25,3071941.52,15
B00016,2022,5,4031923.25,3071941.52,15
B00016,2022,6,4031923.25,3071941.52,15
B00016,2022,7,4031923.25,3071941.52,15
B00016,2022,8,4031923.25,3071941.52,15
B00016,2022,9,4031923.25,3071941.52,15
B00016,2022,10,4031923.25,3071941.52,15
B00016,2022,11,4031923.25,3071941.52,15
B00016,2022,12,4031923.25,3071941.52,15
B00016,2023,1,4031923.25,3071941.52,15
B00016,2023,2,4031923.25,3071941.52,15
B00016,2023,3,4031923.25,3071941.52,15
B00016,2023,4,4031923.25,3071941.52,15
B00016,2023,5,4031923.25,3071941.52,15
B00016,2023,6,4031923.25,3071941.52,15
B00016,2023,7,4031923.25,3071941.52,15
B00016,2023,8,4031923.25,3071941.52,15
B00016,2023,9,4031923.25,3071941.52,15
B00016,2023,10,4031923.25,3071941.52,15
B00016,2023,11,4031923.25,3071941.52,15
B00016,2023,12,4031923.25,3071941.52,15
B00017,2022,1,3941482.76,3003034.48,15
B00017,2022,2,3941482.76,3003034.48,15
B00017,2022,3,3941482.76,3003034.48,15
B00017,2022,4,3941482.76,3003034.48,15
B00017,2022,5,3941482.76,3003034.48,15
B00017,2022,6,3941482.76,3003034.48,15
B00017,2022,7,3941482.76,3003034.48,15
B00017,2022,8,3941482.76,3003034.48,15
B00017,2022,9,3941482.76,3003034.48,15
B00017,2022,10,3941482.76,3003034.48,15
B00017,2022,11,3941482.76,3003034.48,15
B00017,2022,12,3941482.76,3003034.48,15
B00017,2023,1,3941482.76,3003034.48,15
B00017,2023,2,3941482.76,3003034.48,15
B00017,2023,3,3941482.76,3003034.48,15
B00017,2023,4,3941482.76,3003034.48,15
B00017,2023,5,3941482.76,3003034.48,15
B00017,2023,6,3941482.76,3003034.48,15
B00017,2023,7,3941482.76,3003034.48,15
B00017,2023,8,3941482.76,3003034.48,15
B00017,2023,9,3941482.76,3003034.48,15
B00017,2023,10,3941482.76,3003034.48,15
B00017,2023,11,3941482.76,3003034.48,15
B00017,2023,12,3941482.76,3003034.48,15
B00018,2022,1,4532187.03,3453094.88,15
B00018,2022,2,4532187.03,3453094.88,15
B00018,2022,3,4532187.03,3453094.88,15
B00018,2022,4,4532187.03,3453094.88,15
B00018,2022,5,4532187.03,3453094.88,15
B00018,2022,6,4532187.03,3453094.88,15
B00018,2022,7,4532187.03,3453094.88,15
B00018,2022,8,4532187.03,3453094.88,15
B00018,2022,9,4532187.03,3453094.88,15
B00018,2022,10,4532187.03,3453094.88,15
B00018,2022,11,4532187.03,3453094.88,15
B00018,2022,12,4532187.03,3453094.88,15
B00018,2023,1,4532187.03,3453094.88,15
B00018,2023,2,4532187.03,3453094.88,15
B00018,2023,3,4532187.03,3453094.88,15
B00018,2023,4,4532187.03,3453094.88,15
B00018,2023,5,4532187.03,3453094.88,15
B00018,2023,6,4532187.03,3453094.88,15
B00018,2023,7,4532187.03,3453094.88,15
B00018,2023,8,4532187.03,3453094.88,15
B00018,2023,9,4532187.03,3453094.88,15
B00018,2023,10,4532187.03,3453094.88,15
B00018,2023,11,4532187.03,3453094.88,15
B00018,2023,12,4532187.03,3453094.88,15
B00019,2022,1,4806606.21,3662176.16,15
B00019,2022,2,4806606.21,3662176.16,15
B00019,2022,3,4806606.21,3662176.16,15
B00019,2022,4,4806606.21,3662176.16,15
B00019,2022,5,4806606.21,3662176.16,15
B00019,2022,6,4806606.21,3662176.16,15
B00019,2022,7,4806606.21,3662176.16,15
B00019,2022,8,4806606.21,3662176.16,15
B00019,2022,9,4806606.21,3662176.16,15
B00019,2022,10,4806606.21,3662176.16,15
B00019,2022,11,4806606.21,3662176.16,15
B00019,2022,12,4806606.21,3662176.16,15
B00019,2023,1,4806606.21,3662176.16,15
B00019,2023,2,4806606.21,3662176.16,15
B00019,2023,3,4806606.21,3662176.16,15
B00019,2023,4,4806606.21,3662176.16,15
B00019,2023,5,4806606.21,3662176.16,15
B00019,2023,6,4806606.21,3662176.16,15
B00019,2023,7,4806606.21,3662176.16,15
B00019,2023,8,4806606.21,3662176.16,15
B00019,2023,9,4806606.21,3662176.16,15
B00019,2023,10,4806606.21,3662176.16,15
B00019,2023,11,4806606.21,3662176.16,15
B00019,2023,12,4806606.21,3662176.16,15
B00020,2022,1,4686929.1,3570993.6,15
B00020,2022,2,4686929.1,3570993.6,15
B00020,2022,3,4686929.1,3570993.6,15
B00020,2022,4,4686929.1,3570993.6,15
B00020,2022,5,4686929.1,3570993.6,15
B00020,2022,6,4686929.1,3570993.6,15
B00020,2022,7,4686929.1,3570993.6,15
B00020,2022,8,4686929.1,3570993.6,15
B00020,2022,9,4686929.1,3570993.6,15
B00020,2022,10,4686929.1,3570993.6,15
B00020,2022,11,4686929.1,3570993.6,15
B00020,2022,12,4686929.1,3570993.6,15
B00020,2023,1,4686929.1,3570993.6,15
B00020,2023,2,4686929.1,3570993.6,15
B00020,2023,3,4686929.1,3570993.6,15
B00020,2023,4,4686929.1,3570993.6,15
B00020,2023,5,4686929.1,3570993.6,15
B00020,2023,6,4686929.1,3570993.6,15
B00020,2023,7,4686929.1,3570993.6,15
B00020,2023,8,4686929.1,3570993.6,15
B00020,2023,9,4686929.1,3570993.6,15
B00020,2023,10,4686929.1,3570993.6,15
B00020,2023,11,4686929.1,3570993.6,15
B00020,2023,12,4686929.1,3570993.6,15
B00021,2022,1,5153483.79,3926463.84,15
B00021,2022,2,5153483.79,3926463.84,15
B00021,2022,3,5153483.79,3926463.84,15
B00021,2022,4,5153483.79,3926463.84,15
B00021,2022,5,5153483.79,3926463.84,15
B00021,2022,6,5153483.79,3926463.84,15
B00021,2022,7,5153483.79,3926463.84,15
B00021,2022,8,5153483.79,3926463.84,15
B00021,2022,9,5153483.79,3926463.84,15
B00021,2022,10,5153483.79,3926463.84,15
B00021,2022,11,5153483.79,3926463.84,15
B00021,2022,12,5153483.79,3926463.84,15
B00021,2023,1,5153483.79,3926463.84,15
B00021,2023,2,5153483.79,3926463.84,15
B00021,2023,3,5153483.79,3926463.84,15
B00021,2023,4,5153483.79,3926463.84,15
B00021,2023,5,5153483.79,3926463.84,15
B00021,2023,6,5153483.79,3926463.84,15
B00021,2023,7,5153483.79,3926463.84,15
B00021,2023,8,5153483.79,3926463.84,15
B00021,2023,9,5153483.79,3926463.84,15
B00021,2023,10,5153483.79,3926463.84,15
B00021,2023,11,5153483.79,3926463.84,15
B00021,2023,12,5153483.79,3926463.84,15
B00022,2022,1,4631092.1,3528451.12,15
B00022,2022,2,4631092.1,3528451.12,15
B00022,2022,3,4631092.1,3528451.12,15
B00022,2022,4,4631092.1,3528451.12,15
B00022,2022,5,4631092.1,3528451.12,15
B00022,2022,6,4631092.1,3528451.12,15
B00022,2022,7,4631092.1,3528451.12,15
B00022,2022,8,4631092.1,3528451.12,15
B00022,2022,9,4631092.1,3528451.12,15
B00022,2022,10,4631092.1,3528451.12,15
B00022,2022,11,4631092.1,3528451.12,15
B00022,2022,12,4631092.1,3528451.12,15
B00022,2023,1,4631092.1,3528451.12,15
B00022,2023,2,4631092.1,3528451.12,15
B00022,2023,3,4631092.1,3528451.12,15
B00022,2023,4,4631092.1,3528451.12,15
B00022,2023,5,4631092.1,3528451.12,15
B00022,2023,6,4631092.1,3528451.12,15
B00022,2023,7,4631092.1,3528451.12,15
B00022,2023,8,4631092.1,3528451.12,15
B00022,2023,9,4631092.1,3528451.12,15
B00022,2023,10,4631092.1,3528451.12,15
B00022,2023,11,4631092.1,3528451.12,15
B00022,2023,12,4631092.1,3528451.12,15
B00023,2022,1,5611295.13,4275272.48,15
B00023,2022,2,5611295.13,4275272.48,15
B00023,2022,3,5611295.13,4275272.48,15
B00023,2022,4,5611295.13,4275272.48,15
B00023,2022,5,5611295.13,4275272.48,15
B00023,2022,6,5611295.13,4275272.48,15
B00023,2022,7,5611295.13,4275272.48,15
B00023,2022,8,5611295.13,4275272.48,15
B00023,2022,9,5611295.13,4275272.48,15
B00023,2022,10,5611295.13,4275272.48,15
B00023,2022,11,5611295.13,4275272.48,15
B00023,2022,12,5611295.13,4275272.48,15
B00023,2023,1,5611295.13,4275272.48,15
B00023,2023,2,5611295.13,4275272.48,15
B00023,2023,3,5611295.13,4275272.48,15
B00023,2023,4,5611295.13,4275272.48,15
B00023,2023,5,5611295.13,4275272.48,15
B00023,2023,6,5611295.13,4275272.48,15
B00023,2023,7,5611295.13,4275272.48,15
B00023,2023,8,5611295.13,4275272.48,15
B00023,2023,9,5611295.13,4275272.48,15
B00023,2023,10,5611295.13,4275272.48,15
B00023,2023,11,5611295.13,4275272.48,15
B00023,2023,12,5611295.13,4275272.48,15
B00024,2022,1,4655560.14,3547093.44,15
B00024,2022,2,4655560.14,3547093.44,15
B00024,2022,3,4655560.14,3547093.44,15
B00024,2022,4,4655560.14,3547093.44,15
B00024,2022,5,4655560.14,3547093.44,15
B00024,2022,6,4655560.14,3547093.44,15
B00024,2022,7,4655560.14,3547093.44,15
B00024,2022,8,4655560.14,3547093.44,15
B00024,2022,9,4655560.14,3547093.44,15
B00024,2022,10,4655560.14,3547093.44,15
B00024,2022,11,4655560.14,3547093.44,15
B00024,2022,12,4655560.14,3547093.44,15
B00024,2023,1,4655560.14,3547093.44,15
B00024,2023,2,4655560.14,3547093.44,15
B00024,2023,3,4655560.14,3547093.44,15
B00024,2023,4,4655560.14,3547093.44,15
B00024,2023,5,4655560.14,3547093.44,15
B00024,2023,6,4655560.14,3547093.44,15
B00024,2023,7,4655560.14,3547093.44,15
B00024,2023,8,4655560.14,3547093.44,15
B00024,2023,9,4655560.14,3547093.44,15
B00024,2023,10,4655560.14,3547093.44,15
B00024,2023,11,4655560.14,3547093.44,15
B00024,2023,12,4655560.14,3547093.44,15
B00025,2022,1,3985081.49,3036252.56,15
B00025,2022,2,3985081.49,3036252.56,15
B00025,2022,3,3985081.49,3036252.56,15
B00025,2022,4,3985081.49,3036252.56,15
B00025,2022,5,3985081.49,3036252.56,15
B00025,2022,6,3985081.49,3036252.56,15
B00025,2022,7,3985081.49,3036252.56,15
B00025,2022,8,3985081.49,3036252.56,15
B00025,2022,9,3985081.49,3036252.56,15
B00025,2022,10,3985081.49,3036252.56,15
B00025,2022,11,3985081.49,3036252.56,15
B00025,2022,12,3985081.49,3036252.56,15
B00025,2023,1,3985081.49,3036252.56,15
B00025,2023,2,3985081.49,3036252.56,15
B00025,2023,3,3985081.49,3036252.56,15
B00025,2023,4,3985081.49,3036252.56,15
B00025,2023,5,3985081.49,3036252.56,15
B00025,2023,6,3985081.49,3036252.56,15
B00025,2023,7,3985081.49,3036252.56,15
B00025,2023,8,3985081.49,3036252.56,15
B00025,2023,9,3985081.49,3036252.56,15
B00025,2023,10,3985081.49,3036252.56,15
B00025,2023,11,3985081.49,3036252.56,15
B00025,2023,12,3985081.49,3036252.56,15
B00026,2022,1,4775971.3,3638835.28,15
B00026,2022,2,4775971.3,3638835.28,15
B00026,2022,3,4775971.3,3638835.28,15
B00026,2022,4,4775971.3,3638835.28,15
B00026,2022,5,4775971.3,3638835.28,15
B00026,2022,6,4775971.3,3638835.28,15
B00026,2022,7,4775971.3,3638835.28,15
B00026,2022,8,4775971.3,3638835.28,15
B00026,2022,9,4775971.3,3638835.28,15
B00026,2022,10,4775971.3,3638835.28,15
B00026,2022,11,4775971.3,3638835.28,15
B00026,2022,12,4775971.3,3638835.28,15
B00026,2023,1,4775971.3,3638835.28,15
B00026,2023,2,4775971.3,3638835.28,15
B00026,2023,3,4775971.3,3638835.28,15
B00026,2023,4,4775971.3,3638835.28,15
B00026,2023,5,4775971.3,3638835.28,15
B00026,2023,6,4775971.3,3638835.28,15
B00026,2023,7,4775971.3,3638835.28,15
B00026,2023,8,4775971.3,3638835.28,15
B00026,2023,9,4775971.3,3638835.28,15
B00026,2023,10,4775971.3,3638835.28,15
B00026,2023,11,4775971.3,3638835.28,15
B00026,2023,12,4775971.3,3638835.28,15
B00027,2022,1,4337336.43,3304637.28,15
B00027,2022,2,4337336.43,3304637.28,15
B00027,2022,3,4337336.43,3304637.28,15
B00027,2022,4,4337336.43,3304637.28,15
B00027,2022,5,4337336.43,3304637.28,15
B00027,2022,6,4337336.43,3304637.28,15
B00027,2022,7,4337336.43,3304637.28,15
B00027,2022,8,4337336.43,3304637.28,15
B00027,2022,9,4337336.43,3304637.28,15
B00027,2022,10,4337336.43,3304637.28,15
B00027,2022,11,4337336.43,3304637.28,15
B00027,2022,12,4337336.43,3304637.28,15
B00027,2023,1,4337336.43,3304637.28,15
B00027,2023,2,4337336.43,3304637.28,15
B00027,2023,3,4337336.43,3304637.28,15
B00027,2023,4,4337336.43,3304637.28,15
B00027,2023,5,4337336.43,3304637.28,15
B00027,2023,6,4337336.43,3304637.28,15
B00027,2023,7,4337336.43,3304637.28,15
B00027,2023,8,4337336.43,3304637.28,15
B00027,2023,9,4337336.43,3304637.28,15
B00027,2023,10,4337336.43,3304637.28,15
B00027,2023,11,4337336.43,3304637.28,15
B00027,2023,12,4337336.43,3304637.28,15
B00028,2022,1,5121258.03,3901910.88,15
B00028,2022,2,5121258.03,3901910.88,15
B00028,2022,3,5121258.03,3901910.88,15
B00028,2022,4,5121258.03,3901910.88,15
B00028,2022,5,5121258.03,3901910.88,15
B00028,2022,6,5121258.03,3901910.88,15
B00028,2022,7,5121258.03,3901910.88,15
B00028,2022,8,5121258.03,3901910.88,15
B00028,2022,9,5121258.03,3901910.88,15
B00028,2022,10,5121258.03,3901910.88,15
B00028,2022,11,5121258.03,3901910.88,15
B00028,2022,12,5121258.03,3901910.88,15
B00028,2023,1,5121258.03,3901910.88,15
B00028,2023,2,5121258.03,3901910.88,15
B00028,2023,3,5121258.03,3901910.88,15
B00028,2023,4,5121258.03,3901910.88,15
B00028,2023,5,5121258.03,3901910.88,15
B00028,2023,6,5121258.03,3901910.88,15
B00028,2023,7,5121258.03,3901910.88,15
B00028,2023,8,5121258.03,3901910.88,15
B00028,2023,9,5121258.03,3901910.88,15
B00028,2023,10,5121258.03,3901910.88,15
B00028,2023,11,5121258.03,3901910.88,15
B00028,2023,12,5121258.03,3901910.88,15
B00029,2022,1,4934227.62,3759411.52,15
B00029,2022,2,4934227.62,3759411.52,15
B00029,2022,3,4934227.62,3759411.52,15
B00029,2022,4,4934227.62,3759411.52,15
B00029,2022,5,4934227.62,3759411.52,15
B00029,2022,6,4934227.62,3759411.52,15
B00029,2022,7,4934227.62,3759411.52,15
B00029,2022,8,4934227.62,3759411.52,15
B00029,2022,9,4934227.62,3759411.52,15
B00029,2022,10,4934227.62,3759411.52,15
B00029,2022,11,4934227.62,3759411.52,15
B00029,2022,12,4934227.62,3759411.52,15
B00029,2023,1,4934227.62,3759411.52,15
B00029,2023,2,4934227.62,3759411.52,15
B00029,2023,3,4934227.62,3759411.52,15
B00029,2023,4,4934227.62,3759411.52,15
B00029,2023,5,4934227.62,3759411.52,15
B00029,2023,6,4934227.62,3759411.52,15
B00029,2023,7,4934227.62,3759411.52,15
B00029,2023,8,4934227.62,3759411.52,15
B00029,2023,9,4934227.62,3759411.52,15
B00029,2023,10,4934227.62,3759411.52,15
B00029,2023,11,4934227.62,3759411.52,15
B00029,2023,12,4934227.62,3759411.52,15
B00030,2022,1,5724675.18,4361657.28,15
B00030,2022,2,5724675.18,4361657.28,15
B00030,2022,3,5724675.18,4361657.28,15
B00030,2022,4,5724675.18,4361657.28,15
B00030,2022,5,5724675.18,4361657.28,15
B00030,2022,6,5724675.18,4361657.28,15
B00030,2022,7,5724675.18,4361657.28,15
B00030,2022,8,5724675.18,4361657.28,15
B00030,2022,9,5724675.18,4361657.28,15
B00030,2022,10,5724675.18,4361657.28,15
B00030,2022,11,5724675.18,4361657.28,15
B00030,2022,12,5724675.18,4361657.28,15
B00030,2023,1,5724675.18,4361657.28,15
B00030,2023,2,5724675.18,4361657.28,15
B00030,2023,3,5724675.18,4361657.28,15
B00030,2023,4,5724675.18,4361657.28,15
B00030,2023,5,5724675.18,4361657.28,15
B00030,2023,6,5724675.18,4361657.28,15
B00030,2023,7,5724675.18,4361657.28,15
B00030,2023,8,5724675.18,4361657.28,15
B00030,2023,9,5724675.18,4361657.28,15
B00030,2023,10,5724675.18,4361657.28,15
B00030,2023,11,5724675.18,4361657.28,15
B00030,2023,12,5724675.18,4361657.28,15
B00031,2022,1,5452005.3,4153908.8,15
B00031,2022,2,5452005.3,4153908.8,15
B00031,2022,3,5452005.3,4153908.8,15
B00031,2022,4,5452005.3,4153908.8,15
B00031,2022,5,5452005.3,4153908.8,15
B00031,2022,6,5452005.3,4153908.8,15
B00031,2022,7,5452005.3,4153908.8,15
B00031,2022,8,5452005.3,4153908.8,15
B00031,2022,9,5452005.3,4153908.8,15
B00031,2022,10,5452005.3,4153908.8,15
B00031,2022,11,5452005.3,4153908.8,15
B00031,2022,12,5452005.3,4153908.8,15
B00031,2023,1,5452005.3,4153908.8,15
B00031,2023,2,5452005.3,4153908.8,15
B00031,2023,3,5452005.3,4153908.8,15
B00031,2023,4,5452005.3,4153908.8,15
B00031,2023,5,5452005.3,4153908.8,15
B00031,2023,6,5452005.3,4153908.8,15
B00031,2023,7,5452005.3,4153908.8,15
B00031,2023,8,5452005.3,4153908.8,15
B00031,2023,9,5452005.3,4153908.8,15
B00031,2023,10,5452005.3,4153908.8,15
B00031,2023,11,5452005.3,4153908.8,15
B00031,2023,12,5452005.3,4153908.8,15
B00032,2022,1,4262637.54,3247723.84,15
B00032,2022,2,4262637.54,3247723.84,15
B00032,2022,3,4262637.54,3247723.84,15
B00032,2022,4,4262637.54,3247723.84,15
B00032,2022,5,4262637.54,3247723.84,15
B00032,2022,6,4262637.54,3247723.84,15
B00032,2022,7,4262637.54,3247723.84,15
B00032,2022,8,4262637.54,3247723.84,15
B00032,2022,9,4262637.54,3247723.84,15
B00032,2022,10,4262637.54,3247723.84,15
B00032,2022,11,4262637.54,3247723.84,15
B00032,2022,12,4262637.54,3247723.84,15
B00032,2023,1,4262637.54,3247723.84,15
B00032,2023,2,4262637.54,3247723.84,15
B00032,2023,3,4262637.54,3247723.84,15
B00032,2023,4,4262637.54,3247723.84,15
B00032,2023,5,4262637.54,3247723.84,15
B00032,2023,6,4262637.54,3247723.84,15
B00032,2023,7,4262637.54,3247723.84,15
B00032,2023,8,4262637.54,3247723.84,15
B00032,2023,9,4262637.54,3247723.84,15
B00032,2023,10,4262637.54,3247723.84,15
B00032,2023,11,4262637.54,3247723.84,15
B00032,2023,12,4262637.54,3247723.84,15
B00033,2022,1,4267439.92,3251382.8,15
B00033,2022,2,4267439.92,3251382.8,15
B00033,2022,3,4267439.92,3251382.8,15
B00033,2022,4,4267439.92,3251382.8,15
B00033,2022,5,4267439.92,3251382.8,15
B00033,2022,6,4267439.92,3251382.8,15
B00033,2022,7,4267439.92,3251382.8,15
B00033,2022,8,4267439.92,3251382.8,15
B00033,2022,9,4267439.92,3251382.8,15
B00033,2022,10,4267439.92,3251382.8,15
B00033,2022,11,4267439.92,3251382.8,15
B00033,2022,12,4267439.92,3251382.8,15
B00033,2023,1,4267439.92,3251382.8,15
B00033,2023,2,4267439.92,3251382.8,15
B00033,2023,3,4267439.92,3251382.8,15
B00033,2023,4,4267439.92,3251382.8,15
B00033,2023,5,4267439.92,3251382.8,15
B00033,2023,6,4267439.92,3251382.8,15
B00033,2023,7,4267439.92,3251382.8,15
B00033,2023,8,4267439.92,3251382.8,15
B00033,2023,9,4267439.92,3251382.8,15
B00033,2023,10,4267439.92,3251382.8,15
B00033,2023,11,4267439.92,3251382.8,15
B00033,2023,12,4267439.92,3251382.8,15
B00034,2022,1,4389467.25,3344356.0,15
B00034,2022,2,4389467.25,3344356.0,15
B00034,2022,3,4389467.25,3344356.0,15
B00034,2022,4,4389467.25,3344356.0,15
B00034,2022,5,4389467.25,3344356.0,15
B00034,2022,6,4389467.25,3344356.0,15
B00034,2022,7,4389467.25,3344356.0,15
B00034,2022,8,4389467.25,3344356.0,15
B00034,2022,9,4389467.25,3344356.0,15
B00034,2022,10,4389467.25,3344356.0,15
B00034,2022,11,4389467.25,3344356.0,15
B00034,2022,12,4389467.25,3344356.0,15
B00034,2023,1,4389467.25,3344356.0,15
B00034,2023,2,4389467.25,3344356.0,15
B00034,2023,3,4389467.25,3344356.0,15
B00034,2023,4,4389467.25,3344356.0,15
B00034,2023,5,4389467.25,3344356.0,15
B00034,2023,6,4389467.25,3344356.0,15
B00034,2023,7,4389467.25,3344356.0,15
B00034,2023,8,4389467.25,3344356.0,15
B00034,2023,9,4389467.25,3344356.0,15
B00034,2023,10,4389467.25,3344356.0,15
B00034,2023,11,4389467.25,3344356.0,15
B00034,2023,12,4389467.25,3344356.0,15
B00035,2022,1,4808664.53,3663744.4,15
B00035,2022,2,4808664.53,3663744.4,15
B00035,2022,3,4808664.53,3663744.4,15
B00035,2022,4,4808664.53,3663744.4,15
B00035,2022,5,4808664.53,3663744.4,15
B00035,2022,6,4808664.53,3663744.4,15
B00035,2022,7,4808664.53,3663744.4,15
B00035,2022,8,4808664.53,3663744.4,15
B00035,2022,9,4808664.53,3663744.4,15
B00035,2022,10,4808664.53,3663744.4,15
B00035,2022,11,4808664.53,3663744.4,15
B00035,2022,12,4808664.53,3663744.4,15
B00035,2023,1,4808664.53,3663744.4,15
B00035,2023,2,4808664.53,3663744.4,15
B00035,2023,3,4808664.53,3663744.4,15
B00035,2023,4,4808664.53,3663744.4,15
B00035,2023,5,4808664.53,3663744.4,15
B00035,2023,6,4808664.53,3663744.4,15
B00035,2023,7,4808664.53,3663744.4,15
B00035,2023,8,4808664.53,3663744.4,15
B00035,2023,9,4808664.53,3663744.4,15
B00035,2023,10,4808664.53,3663744.4,15
B00035,2023,11,4808664.53,3663744.4,15
B00035,2023,12,4808664.53,3663744.4,15
B00036,2022,1,6287669.22,4790605.12,15
B00036,2022,2,6287669.22,4790605.12,15
B00036,2022,3,6287669.22,4790605.12,15
B00036,2022,4,6287669.22,4790605.12,15
B00036,2022,5,6287669.22,4790605.12,15
B00036,2022,6,6287669.22,4790605.12,15
B00036,2022,7,6287669.22,4790605.12,15
B00036,2022,8,6287669.22,4790605.12,15
B00036,2022,9,6287669.22,4790605.12,15
B00036,2022,10,6287669.22,4790605.12,15
B00036,2022,11,6287669.22,4790605.12,15
B00036,2022,12,6287669.22,4790605.12,15
B00036,2023,1,6287669.22,4790605.12,15
B00036,2023,2,6287669.22,4790605.12,15
B00036,2023,3,6287669.22,4790605.12,15
B00036,2023,4,6287669.22,4790605.12,15
B00036,2023,5,6287669.22,4790605.12,15
B00036,2023,6,6287669.22,4790605.12,15
B00036,2023,7,6287669.22,4790605.12,15
B00036,2023,8,6287669.22,4790605.12,15
B00036,2023,9,6287669.22,4790605.12,15
B00036,2023,10,6287669.22,4790605.12,15
B00036,2023,11,6287669.22,4790605.12,15
B00036,2023,12,6287669.22,4790605.12,15
B00037,2022,1,3820712.18,2911018.8,15
B00037,2022,2,3820712.18,2911018.8,15
B00037,2022,3,3820712.18,2911018.8,15
B00037,2022,4,3820712.18,2911018.8,15
B00037,2022,5,3820712.18,2911018.8,15
B00037,2022,6,3820712.18,2911018.8,15
B00037,2022,7,3820712.18,2911018.8,15
B00037,2022,8,3820712.18,2911018.8,15
B00037,2022,9,3820712.18,2911018.8,15
B00037,2022,10,3820712.18,2911018.8,15
B00037,2022,11,3820712.18,2911018.8,15
B00037,2022,12,3820712.18,2911018.8,15
B00037,2023,1,3820712.18,2911018.8,15
B00037,2023,2,3820712.18,2911018.8,15
B00037,2023,3,3820712.18,2911018.8,15
B00037,2023,4,3820712.18,2911018.8,15
B00037,2023,5,3820712.18,2911018.8,15
B00037,2023,6,3820712.18,2911018.8,15
B00037,2023,7,3820712.18,2911018.8,15
B00037,2023,8,3820712.18,2911018.8,15
B00037,2023,9,3820712.18,2911018.8,15
B00037,2023,10,3820712.18,2911018.8,15
B00037,2023,11,3820712.18,2911018.8,15
B00037,2023,12,3820712.18,2911018.8,15
B00038,2022,1,4774571.03,3637768.4,15
B00038,2022,2,4774571.03,3637768.4,15
B00038,2022,3,4774571.03,3637768.4,15
B00038,2022,4,4774571.03,3637768.4,15
B00038,2022,5,4774571.03,3637768.4,15
B00038,2022,6,4774571.03,3637768.4,15
B00038,2022,7,4774571.03,3637768.4,15
B00038,2022,8,4774571.03,3637768.4,15
B00038,2022,9,4774571.03,3637768.4,15
B00038,2022,10,4774571.03,3637768.4,15
B00038,2022,11,4774571.03,3637768.4,15
B00038,2022,12,4774571.03,3637768.4,15
B00038,2023,1,4774571.03,3637768.4,15
B00038,2023,2,4774571.03,3637768.4,15
B00038,2023,3,4774571.03,3637768.4,15
B00038,2023,4,4774571.03,3637768.4,15
B00038,2023,5,4774571.03,3637768.4,15
B00038,2023,6,4774571.03,3637768.4,15
B00038,2023,7,4774571.03,3637768.4,15
B00038,2023,8,4774571.03,3637768.4,15
B00038,2023,9,4774571.03,3637768.4,15
B00038,2023,10,4774571.03,3637768.4,15
B00038,2023,11,4774571.03,3637768.4,15
B00038,2023,12,4774571.03,3637768.4,15
B00039,2022,1,5640120.46,4297234.64,15
B00039,2022,2,5640120.46,4297234.64,15
B00039,2022,3,5640120.46,4297234.64,15
B00039,2022,4,5640120.46,4297234.64,15
B00039,2022,5,5640120.46,4297234.64,15
B00039,2022,6,5640120.46,4297234.64,15
B00039,2022,7,5640120.46,4297234.64,15
B00039,2022,8,5640120.46,4297234.64,15
B00039,2022,9,5640120.46,4297234.64,15
B00039,2022,10,5640120.46,4297234.64,15
B00039,2022,11,5640120.46,4297234.64,15
B00039,2022,12,5640120.46,4297234.64,15
B00039,2023,1,5640120.46,4297234.64,15
B00039,2023,2,5640120.46,4297234.64,15
B00039,2023,3,5640120.46,4297234.64,15
B00039,2023,4,5640120.46,4297234.64,15
B00039,2023,5,5640120.46,4297234.64,15
B00039,2023,6,5640120.46,4297234.64,15
B00039,2023,7,5640120.46,4297234.64,15
B00039,2023,8,5640120.46,4297234.64,15
B00039,2023,9,5640120.46,4297234.64,15
B00039,2023,10,5640120.46,4297234.64,15
B00039,2023,11,5640120.46,4297234.64,15
B00039,2023,12,5640120.46,4297234.64,15
B00040,2022,1,4679070.38,3565006.0,15
B00040,2022,2,4679070.38,3565006.0,15
B00040,2022,3,4679070.38,3565006.0,15
B00040,2022,4,4679070.38,3565006.0,15
B00040,2022,5,4679070.38,3565006.0,15
B00040,2022,6,4679070.38,3565006.0,15
B00040,2022,7,4679070.38,3565006.0,15
B00040,2022,8,4679070.38,3565006.0,15
B00040,2022,9,4679070.38,3565006.0,15
B00040,2022,10,4679070.38,3565006.0,15
B00040,2022,11,4679070.38,3565006.0,15
B00040,2022,12,4679070.38,3565006.0,15
B00040,2023,1,4679070.38,3565006.0,15
B00040,2023,2,4679070.38,3565006.0,15
B00040,2023,3,4679070.38,3565006.0,15
B00040,2023,4,4679070.38,3565006.0,15
B00040,2023,5,4679070.38,3565006.0,15
B00040,2023,6,4679070.38,3565006.0,15
B00040,2023,7,4679070.38,3565006.0,15
B00040,2023,8,4679070.38,3565006.0,15
B00040,2023,9,4679070.38,3565006.0,15
B00040,2023,10,4679070.38,3565006.0,15
B00040,2023,11,4679070.38,3565006.0,15
B00040,2023,12,4679070.38,3565006.0,15
B00041,2022,1,5374382.79,4094767.84,15
B00041,2022,2,5374382.79,4094767.84,15
B00041,2022,3,5374382.79,4094767.84,15
B00041,2022,4,5374382.79,4094767.84,15
B00041,2022,5,5374382.79,4094767.84,15
B00041,2022,6,5374382.79,4094767.84,15
B00041,2022,7,5374382.79,4094767.84,15
B00041,2022,8,5374382.79,4094767.84,15
B00041,2022,9,5374382.79,4094767.84,15
B00041,2022,10,5374382.79,4094767.84,15
B00041,2022,11,5374382.79,4094767.84,15
B00041,2022,12,5374382.79,4094767.84,15
B00041,2023,1,5374382.79,4094767.84,15
B00041,2023,2,5374382.79,4094767.84,15
B00041,2023,3,5374382.79,4094767.84,15
B00041,2023,4,5374382.79,4094767.84,15
B00041,2023,5,5374382.79,4094767.84,15
B00041,2023,6,5374382.79,4094767.84,15
B00041,2023,7,5374382.79,4094767.84,15
B00041,2023,8,5374382.79,4094767.84,15
B00041,2023,9,5374382.79,4094767.84,15
B00041,2023,10,5374382.79,4094767.84,15
B00041,2023,11,5374382.79,4094767.84,15
B00041,2023,12,5374382.79,4094767.84,15
B00042,2022,1,5153125.32,3926190.72,15
B00042,2022,2,5153125.32,3926190.72,15
B00042,2022,3,5153125.32,3926190.72,15
B00042,2022,4,5153125.32,3926190.72,15
B00042,2022,5,5153125.32,3926190.72,15
B00042,2022,6,5153125.32,3926190.72,15
B00042,2022,7,5153125.32,3926190.72,15
B00042,2022,8,5153125.32,3926190.72,15
B00042,2022,9,5153125.32,3926190.72,15
B00042,2022,10,5153125.32,3926190.72,15
B00042,2022,11,5153125.32,3926190.72,15
B00042,2022,12,5153125.32,3926190.72,15
B00042,2023,1,5153125.32,3926190.72,15
B00042,2023,2,5153125.32,3926190.72,15
B00042,2023,3,5153125.32,3926190.72,15
B00042,2023,4,5153125.32,3926190.72,15
B00042,2023,5,5153125.32,3926190.72,15
B00042,2023,6,5153125.32,3926190.72,15
B00042,2023,7,5153125.32,3926190.72,15
B00042,2023,8,5153125.32,3926190.72,15
B00042,2023,9,5153125.32,3926190.72,15
B00042,2023,10,5153125.32,3926190.72,15
B00042,2023,11,5153125.32,3926190.72,15
B00042,2023,12,5153125.32,3926190.72,15
B00043,2022,1,4103230.01,3126270.48,15
B00043,2022,2,4103230.01,3126270.48,15
B00043,2022,3,4103230.01,3126270.48,15
B00043,2022,4,4103230.01,3126270.48,15
B00043,2022,5,4103230.01,3126270.48,15
B00043,2022,6,4103230.01,3126270.48,15
B00043,2022,7,4103230.01,3126270.48,15
B00043,2022,8,4103230.01,3126270.48,15
B00043,2022,9,4103230.01,3126270.48,15
B00043,2022,10,4103230.01,3126270.48,15
B00043,2022,11,4103230.01,3126270.48,15
B00043,2022,12,4103230.01,3126270.48,15
B00043,2023,1,4103230.01,3126270.48,15
B00043,2023,2,4103230.01,3126270.48,15
B00043,2023,3,4103230.01,3126270.48,15
B00043,2023,4,4103230.01,3126270.48,15
B00043,2023,5,4103230.01,3126270.48,15
B00043,2023,6,4103230.01,3126270.48,15
B00043,2023,7,4103230.01,3126270.48,15
B00043,2023,8,4103230.01,3126270.48,15
B00043,2023,9,4103230.01,3126270.48,15
B00043,2023,10,4103230.01,3126270.48,15
B00043,2023,11,4103230.01,3126270.48,15
B00043,2023,12,4103230.01,3126270.48,15
B00044,2022,1,5186131.86,3951338.56,15
B00044,2022,2,5186131.86,3951338.56,15
B00044,2022,3,5186131.86,3951338.56,15
B00044,2022,4,5186131.86,3951338.56,15
B00044,2022,5,5186131.86,3951338.56,15
B00044,2022,6,5186131.86,3951338.56,15
B00044,2022,7,5186131.86,3951338.56,15
B00044,2022,8,5186131.86,3951338.56,15
B00044,2022,9,5186131.86,3951338.56,15
B00044,2022,10,5186131.86,3951338.56,15
B00044,2022,11,5186131.86,3951338.56,15
B00044,2022,12,5186131.86,3951338.56,15
B00044,2023,1,5186131.86,3951338.56,15
B00044,2023,2,5186131.86,3951338.56,15
B00044,2023,3,5186131.86,3951338.56,15
B00044,2023,4,5186131.86,3951338.56,15
B00044,2023,5,5186131.86,3951338.56,15
B00044,2023,6,5186131.86,3951338.56,15
B00044,2023,7,5186131.86,3951338.56,15
B00044,2023,8,5186131.86,3951338.56,15
B00044,2023,9,5186131.86,3951338.56,15
B00044,2023,10,5186131.86,3951338.56,15
B00044,2023,11,5186131.86,3951338.56,15
B00044,2023,12,5186131.86,3951338.56,15
B00045,2022,1,4706372.69,3585807.76,15
B00045,2022,2,4706372.69,3585807.76,15
B00045,2022,3,4706372.69,3585807.76,15
B00045,2022,4,4706372.69,3585807.76,15
B00045,2022,5,4706372.69,3585807.76,15
B00045,2022,6,4706372.69,3585807.76,15
B00045,2022,7,4706372.69,3585807.76,15
B00045,2022,8,4706372.69,3585807.76,15
B00045,2022,9,4706372.69,3585807.76,15
B00045,2022,10,4706372.69,3585807.76,15
B00045,2022,11,4706372.69,3585807.76,15
B00045,2022,12,4706372.69,3585807.76,15
B00045,2023,1,4706372.69,3585807.76,15
B00045,2023,2,4706372.69,3585807.76,15
B00045,2023,3,4706372.69,3585807.76,15
B00045,2023,4,4706372.69,3585807.76,15
B00045,2023,5,4706372.69,3585807.76,15
B00045,2023,6,4706372.69,3585807.76,15
B00045,2023,7,4706372.69,3585807.76,15
B00045,2023,8,4706372.69,3585807.76,15
B00045,2023,9,4706372.69,3585807.76,15
B00045,2023,10,4706372.69,3585807.76,15
B00045,2023,11,4706372.69,3585807.76,15
B00045,2023,12,4706372.69,3585807.76,15
B00046,2022,1,4730865.2,3604468.72,15
B00046,2022,2,4730865.2,3604468.72,15
B00046,2022,3,4730865.2,3604468.72,15
B00046,2022,4,4730865.2,3604468.72,15
B00046,2022,5,4730865.2,3604468.72,15
B00046,2022,6,4730865.2,3604468.72,15
B00046,2022,7,4730865.2,3604468.72,15
B00046,2022,8,4730865.2,3604468.72,15
B00046,2022,9,4730865.2,3604468.72,15
B00046,2022,10,4730865.2,3604468.72,15
B00046,2022,11,4730865.2,3604468.72,15
B00046,2022,12,4730865.2,3604468.72,15
B00046,2023,1,4730865.2,3604468.72,15
B00046,2023,2,4730865.2,3604468.72,15
B00046,2023,3,4730865.2,3604468.72,15
B00046,2023,4,4730865.2,3604468.72,15
B00046,2023,5,4730865.2,3604468.72,15
B00046,2023,6,4730865.2,3604468.72,15
B00046,2023,7,4730865.2,3604468.72,15
B00046,2023,8,4730865.2,3604468.72,15
B00046,2023,9,4730865.2,3604468.72,15
B00046,2023,10,4730865.2,3604468.72,15
B00046,2023,11,4730865.2,3604468.72,15
B00046,2023,12,4730865.2,3604468.72,15
B00047,2022,1,5860740.27,4465325.92,15
B00047,2022,2,5860740.27,4465325.92,15
B00047,2022,3,5860740.27,4465325.92,15
B00047,2022,4,5860740.27,4465325.92,15
B00047,2022,5,5860740.27,4465325.92,15
B00047,2022,6,5860740.27,4465325.92,15
B00047,2022,7,5860740.27,4465325.92,15
B00047,2022,8,5860740.27,4465325.92,15
B00047,2022,9,5860740.27,4465325.92,15
B00047,2022,10,5860740.27,4465325.92,15
B00047,2022,11,5860740.27,4465325.92,15
B00047,2022,12,5860740.27,4465325.92,15
B00047,2023,1,5860740.27,4465325.92,15
B00047,2023,2,5860740.27,4465325.92,15
B00047,2023,3,5860740.27,4465325.92,15
B00047,2023,4,5860740.27,4465325.92,15
B00047,2023,5,5860740.27,4465325.92,15
B00047,2023,6,5860740.27,4465325.92,15
B00047,2023,7,5860740.27,4465325.92,15
B00047,2023,8,5860740.27,4465325.92,15
B00047,2023,9,5860740.27,4465325.92,15
B00047,2023,10,5860740.27,4465325.92,15
B00047,2023,11,5860740.27,4465325.92,15
B00047,2023,12,5860740.27,4465325.92,15
B00048,2022,1,4460868.51,3398756.96,15
B00048,2022,2,4460868.51,3398756.96,15
B00048,2022,3,4460868.51,3398756.96,15
B00048,2022,4,4460868.51,3398756.96,15
B00048,2022,5,4460868.51,3398756.96,15
B00048,2022,6,4460868.51,3398756.96,15
B00048,2022,7,4460868.51,3398756.96,15
B00048,2022,8,4460868.51,3398756.96,15
B00048,2022,9,4460868.51,3398756.96,15
B00048,2022,10,4460868.51,3398756.96,15
B00048,2022,11,4460868.51,3398756.96,15
B00048,2022,12,4460868.51,3398756.96,15
B00048,2023,1,4460868.51,3398756.96,15
B00048,2023,2,4460868.51,3398756.96,15
B00048,2023,3,4460868.51,3398756.96,15
B00048,2023,4,4460868.51,3398756.96,15
B00048,2023,5,4460868.51,3398756.96,15
B00048,2023,6,4460868.51,3398756.96,15
B00048,2023,7,4460868.51,3398756.96,15
B00048,2023,8,4460868.51,3398756.96,15
B00048,2023,9,4460868.51,3398756.96,15
B00048,2023,10,4460868.51,3398756.96,15
B00048,2023,11,4460868.51,3398756.96,15
B00048,2023,12,4460868.51,3398756.96,15
B00049,2022,1,5994366.84,4567136.64,15
B00049,2022,2,5994366.84,4567136.64,15
B00049,2022,3,5994366.84,4567136.64,15
B00049,2022,4,5994366.84,4567136.64,15
B00049,2022,5,5994366.84,4567136.64,15
B00049,2022,6,5994366.84,4567136.64,15
B00049,2022,7,5994366.84,4567136.64,15
B00049,2022,8,5994366.84,4567136.64,15
B00049,2022,9,5994366.84,4567136.64,15
B00049,2022,10,5994366.84,4567136.64,15
B00049,2022,11,5994366.84,4567136.64,15
B00049,2022,12,5994366.84,4567136.64,15
B00049,2023,1,5994366.84,4567136.64,15
B00049,2023,2,5994366.84,4567136.64,15
B00049,2023,3,5994366.84,4567136.64,15
B00049,2023,4,5994366.84,4567136.64,15
B00049,2023,5,5994366.84,4567136.64,15
B00049,2023,6,5994366.84,4567136.64,15
B00049,2023,7,5994366.84,4567136.64,15
B00049,2023,8,5994366.84,4567136.64,15
B00049,2023,9,5994366.84,4567136.64,15
B00049,2023,10,5994366.84,4567136.64,15
B00049,2023,11,5994366.84,4567136.64,15
B00049,2023,12,5994366.84,4567136.64,15
B00050,2022,1,4618255.42,3518670.8,15
B00050,2022,2,4618255.42,3518670.8,15
B00050,2022,3,4618255.42,3518670.8,15
B00050,2022,4,4618255.42,3518670.8,15
B00050,2022,5,4618255.42,3518670.8,15
B00050,2022,6,4618255.42,3518670.8,15
B00050,2022,7,4618255.42,3518670.8,15
B00050,2022,8,4618255.42,3518670.8,15
B00050,2022,9,4618255.42,3518670.8,15
B00050,2022,10,4618255.42,3518670.8,15
B00050,2022,11,4618255.42,3518670.8,15
B00050,2022,12,4618255.42,3518670.8,15
B00050,2023,1,4618255.42,3518670.8,15
B00050,2023,2,4618255.42,3518670.8,15
B00050,2023,3,4618255.42,3518670.8,15
B00050,2023,4,4618255.42,3518670.8,15
B00050,2023,5,4618255.42,3518670.8,15
B00050,2023,6,4618255.42,3518670.8,15
B00050,2023,7,4618255.42,3518670.8,15
B00050,2023,8,4618255.42,3518670.8,15
B00050,2023,9,4618255.42,3518670.8,15
B00050,2023,10,4618255.42,3518670.8,15
B00050,2023,11,4618255.42,3518670.8,15
B00050,2023,12,4618255.42,3518670.8,15
