account_id,customer_id,branch_id,opening_balance,account_open_date,open_year,open_month,account_type,account_status,is_casa
A00001,C00001,B00019,520482,2014-03-01,2014,3,Savings,Pending,1
A00002,C00002,B00038,268824,2018-09-24,2018,9,Fixed Deposit,Active,0
A00003,C00003,B00041,589218,2021-03-24,2021,3,Savings,Active,1
A00004,C00004,B00021,202917,2017-11-15,2017,11,Checking,Closed,1
A00005,C00005,B00049,426326,2015-11-28,2015,11,Savings,Closed,1
A00006,C00006,B00010,908163,2020-09-03,2020,9,Fixed Deposit,Active,0
A00007,C00007,B00001,316236,2018-11-28,2018,11,Savings,Active,1
A00008,C00008,B00008,580292,2020-07-17,2020,7,Fixed Deposit,Pending,0
A00009,C00009,B00044,796905,2016-06-10,2016,6,Fixed Deposit,Closed,0
A00010,C00010,B00028,548251,2016-11-12,2016,11,Checking,Active,1
A00011,C00011,B00038,151556,2014-08-24,2014,8,Fixed Deposit,Pending,0
A00012,C00012,B00005,346915,2019-10-27,2019,10,Fixed Deposit,Active,0
A00013,C00013,B00040,514817,2022-10-25,2022,10,Savings,Closed,1
A00014,C00014,B00045,209619,2017-12-17,2017,12,Checking,Closed,1
A00015,C00015,B00020,449096,2018-05-22,2018,5,Checking,Active,1
A00016,C00016,B00002,109965,2022-05-06,2022,5,Savings,Active,1
A00017,C00017,B00012,980234,2015-05-01,2015,5,Fixed Deposit,Closed,0
A00018,C00018,B00024,9555,2019-04-24,2019,4,Savings,Pending,1
A00019,C00019,B00026,280956,2023-05-21,2023,5,Savings,Pending,1
A00020,C00020,B00032,431701,2017-09-16,2017,9,Fixed Deposit,Closed,0
A00021,C00021,B00050,291275,2015-06-30,2015,6,Savings,Active,1
A00022,C00022,B00036,715192,2018-12-07,2018,12,Checking,Pending,1
A00023,C00023,B00007,445213,2020-11-06,2020,11,Fixed Deposit,Pending,0
A00024,C00024,B00037,80929,2015-02-02,2015,2,Savings,Pending,1
A00025,C00025,B00011,115300,2021-11-19,2021,11,Checking,Closed,1
A00026,C00026,B00008,544120,2017-10-31,2017,10,Fixed Deposit,Closed,0
A00027,C00027,B00002,682344,2021-03-26,2021,3,Fixed Deposit,Pending,0
A00028,C00028,B00024,494665,2014-08-30,2014,8,Savings,Pending,1
A00029,C00029,B00044,158241,2016-04-25,2016,4,Fixed Deposit,Closed,0
A00030,C00030,B00042,483914,2019-11-23,2019,11,Checking,Closed,1
A00031,C00031,B00021,581636,2015-09-30,2015,9,Checking,Pending,1
A00032,C00032,B00029,844500,2022-12-30,2022,12,Checking,Closed,1
A00033,C00033,B00024,241118,2017-04-08,2017,4,Fixed Deposit,Closed,0
A00034,C00034,B00039,763411,2022-06-03,2022,6,Checking,Closed,1
A00035,C00035,B00017,113477,2020-03-12,2020,3,Checking,Active,1
A00036,C00036,B00050,392673,2022-01-03,2022,1,Fixed Deposit,Closed,0
A00037,C00037,B00044,164673,2019-06-14,2019,6,Fixed Deposit,Pending,0
A00038,C00038,B00020,848499,2014-01-08,2014,1,Fixed Deposit,Active,0
A00039,C00039,B00014,294384,2017-07-05,2017,7,Savings,Pending,1
A00040,C00040,B00027,938979,2018-12-11,2018,12,Savings,Active,1
A00041,C00041,B00010,390401,2023-02-22,2023,2,Checking,Closed,1
A00042,C00042,B00031,101696,2014-12-11,2014,12,Savings,Pending,1
A00043,C00043,B00038,813986,2015-06-08,2015,6,Fixed Deposit,Closed,0
A00044,C00044,B00034,760924,2017-10-10,2017,10,Checking,Pending,1
A00045,C00045,B00031,81828,2020-03-15,2020,3,Checking,Pending,1
A00046,C00046,B00028,144895,2015-03-06,2015,3,Checking,Pending,1
A00047,C00047,B00040,191792,2019-01-09,2019,1,Fixed Deposit,Pending,0
A00048,C00048,B00028,404485,2020-01-20,2020,1,Checking,Active,1
A00049,C00049,B00014,453712,2023-04-01,2023,4,Fixed Deposit,Closed,0
A00050,C00050,B00030,826948,2014-07-22,2014,7,Savings,Closed,1
A00051,C00051,B00039,858092,2013-11-02,2013,11,Checking,Closed,1
A00052,C00052,B00049,593119,2021-02-25,2021,2,Savings,Pending,1
A00053,C00053,B00049,931366,2017-05-12,2017,5,Checking,Pending,1
A00054,C00054,B00043,498802,2023-04-16,2023,4,Savings,Closed,1
A00055,C00055,B00016,91922,2023-04-22,2023,4,Fixed Deposit,Closed,0
A00056,C00056,B00044,70339,2019-09-13,2019,9,Fixed Deposit,Pending,0
A00057,C00057,B00011,752521,2020-11-02,2020,11,Checking,Active,1
A00058,C00058,B00007,366794,2019-05-17,2019,5,Savings,Closed,1
A00059,C00059,B00009,49601,2020-01-03,2020,1,Checking,Closed,1
A00060,C00060,B00011,516505,2023-08-19,2023,8,Fixed Deposit,Active,0
A00061,C00061,B00023,479249,2020-06-15,2020,6,Fixed Deposit,Closed,0
A00062,C00062,B00016,415804,2021-09-30,2021,9,Fixed Deposit,Closed,0
A00063,C00063,B00034,516710,2022-08-02,2022,8,Checking,Pending,1
A00064,C00064,B00031,315703,2016-09-22,2016,9,Checking,Pending,1
A00065,C00065,B00016,933345,2015-02-13,2015,2,Checking,Active,1
A00066,C00066,B00013,220777,2020-12-10,2020,12,Savings,Closed,1
A00067,C00067,B00006,245336,2021-01-18,2021,1,Checking,Closed,1
A00068,C00068,B00004,785995,2022-02-22,2022,2,Fixed Deposit,Closed,0
A00069,C00069,B00041,124492,2014-08-14,2014,8,Checking,Active,1
A00070,C00070,B00045,870027,2023-05-29,2023,5,Checking,Pending,1
A00071,C00071,B00027,398391,2020-06-21,2020,6,Fixed Deposit,Closed,0
A00072,C00072,B00034,637720,2019-10-02,2019,10,Fixed Deposit,Pending,0
A00073,C00073,B00049,733973,2018-03-31,2018,3,Fixed Deposit,Active,0
A00074,C00074,B00040,387722,2017-11-09,2017,11,Fixed Deposit,Pending,0
A00075,C00075,B00021,203850,2016-09-26,2016,9,Savings,Pending,1
A00076,C00076,B00040,768404,2016-01-29,2016,1,Fixed Deposit,Closed,0
A00077,C00077,B00015,956096,2019-02-26,2019,2,Fixed Deposit,Closed,0
A00078,C00078,B00029,257401,2020-07-17,2020,7,Savings,Pending,1
A00079,C00079,B00034,647903,2017-05-28,2017,5,Savings,Pending,1
A00080,C00080,B00009,679126,2019-07-18,2019,7,Checking,Pending,1
A00081,C00081,B00029,994991,2019-12-03,2019,12,Savings,Active,1
A00082,C00082,B00035,492186,2016-02-17,2016,2,Savings,Pending,1
A00083,C00083,B00034,282157,2018-03-26,2018,3,Savings,Closed,1
A00084,C00084,B00014,655754,2019-10-28,2019,10,Savings,Active,1
A00085,C00085,B00021,837481,2014-05-01,2014,5,Checking,Closed,1
A00086,C00086,B00036,932046,2014-12-02,2014,12,Savings,Active,1
A00087,C00087,B00006,443491,2019-03-03,2019,3,Savings,Closed,1
A00088,C00088,B00042,960226,2019-02-04,2019,2,Checking,Active,1
A00089,C00089,B00014,371570,2016-07-25,2016,7,Checking,Active,1
A00090,C00090,B00022,153655,2022-12-21,2022,12,Fixed Deposit,Active,0
A00091,C00091,B00021,213052,2017-08-11,2017,8,Savings,Pending,1
A00092,C00092,B00005,171207,2017-02-02,2017,2,Savings,Pending,1
A00093,C00093,B00003,438099,2014-03-22,2014,3,Savings,Closed,1
A00094,C00094,B00005,103607,2018-09-14,2018,9,Fixed Deposit,Active,0
A00095,C00095,B00010,872758,2019-06-21,2019,6,Checking,Active,1
A00096,C00096,B00011,799428,2014-10-03,2014,10,Savings,Active,1
A00097,C00097,B00018,466371,2016-12-21,2016,12,Fixed Deposit,Active,0
A00098,C00098,B00041,147299,2016-01-13,2016,1,Savings,Active,1
A00099,C00099,B00041,618928,2016-08-15,2016,8,Checking,Pending,1
A00100,C00100,B00001,893347,2021-01-06,2021,1,Checking,Active,1
A00101,C00101,B00026,707603,2017-01-12,2017,1,Checking,Active,1
A00102,C00102,B00015,875477,2021-04-09,2021,4,Savings,Pending,1
A00103,C00103,B00044,463838,2019-10-24,2019,10,Checking,Pending,1
A00104,C00104,B00012,313146,2015-01-27,2015,1,Fixed Deposit,Closed,0
A00105,C00105,B00016,526586,2016-11-05,2016,11,Fixed Deposit,Closed,0
A00106,C00106,B00042,427176,2020-07-27,2020,7,Fixed Deposit,Closed,0
A00107,C00107,B00001,291653,2017-10-05,2017,10,Savings,Pending,1
A00108,C00108,B00039,554098,2023-08-23,2023,8,Checking,Closed,1
A00109,C00109,B00037,753593,2017-09-26,2017,9,Checking,Pending,1
A00110,C00110,B00050,34274,2022-10-18,2022,10,Fixed Deposit,Pending,0
A00111,C00111,B00006,495976,2014-05-13,2014,5,Savings,Closed,1
A00112,C00112,B00011,416462,2015-11-19,2015,11,Fixed Deposit,Pending,0
A00113,C00113,B00029,770946,2022-01-17,2022,1,Checking,Closed,1
A00114,C00114,B00014,852435,2019-06-26,2019,6,Checking,Closed,1
A00115,C00115,B00008,154134,2019-09-02,2019,9,Checking,Active,1
A00116,C00116,B00022,514112,2016-09-05,2016,9,Fixed Deposit,Closed,0
A00117,C00117,B00018,351561,2018-05-07,2018,5,Savings,Active,1
A00118,C00118,B00006,328927,2020-10-13,2020,10,Checking,Active,1
A00119,C00119,B00012,976353,2019-08-20,2019,8,Savings,Pending,1
A00120,C00120,B00001,293049,2018-02-22,2018,2,Fixed Deposit,Closed,0
A00121,C00121,B00041,95547,2017-02-09,2017,2,Savings,Closed,1
A00122,C00122,B00021,323840,2016-03-25,2016,3,Checking,Closed,1
A00123,C00123,B00028,319971,2020-06-23,2020,6,Savings,Closed,1
A00124,C00124,B00042,102064,2022-07-02,2022,7,Checking,Closed,1
A00125,C00125,B00028,461197,2019-07-18,2019,7,Fixed Deposit,Active,0
A00126,C00126,B00021,900462,2023-02-07,2023,2,Savings,Pending,1
A00127,C00127,B00018,15103,2016-12-04,2016,12,Checking,Pending,1
A00128,C00128,B00022,216947,2016-11-16,2016,11,Fixed Deposit,Closed,0
A00129,C00129,B00035,828026,2017-04-13,2017,4,Checking,Closed,1
A00130,C00130,B00047,775498,2016-05-19,2016,5,Savings,Active,1
A00131,C00131,B00038,813369,2017-07-11,2017,7,Savings,Closed,1
A00132,C00132,B00021,9787,2023-07-15,2023,7,Checking,Closed,1
A00133,C00133,B00028,570802,2019-05-21,2019,5,Fixed Deposit,Active,0
A00134,C00134,B00015,56978,2022-12-18,2022,12,Checking,Active,1
A00135,C00135,B00024,530344,2015-10-24,2015,10,Fixed Deposit,Closed,0
A00136,C00136,B00005,35391,2021-08-07,2021,8,Checking,Closed,1
A00137,C00137,B00008,966519,2017-12-10,2017,12,Savings,Closed,1
A00138,C00138,B00002,661272,2023-07-07,2023,7,Fixed Deposit,Active,0
A00139,C00139,B00007,659335,2020-08-02,2020,8,Fixed Deposit,Pending,0
A00140,C00140,B00023,337156,2020-01-28,2020,1,Fixed Deposit,Closed,0
A00141,C00141,B00048,530202,2021-12-15,2021,12,Savings,Pending,1
A00142,C00142,B00010,71869,2022-06-12,2022,6,Fixed Deposit,Pending,0
A00143,C00143,B00034,464791,2019-06-14,2019,6,Savings,Active,1
A00144,C00144,B00006,757563,2015-04-05,2015,4,Checking,Pending,1
A00145,C00145,B00016,58571,2018-07-05,2018,7,Fixed Deposit,Closed,0
A00146,C00146,B00048,312065,2016-01-09,2016,1,Fixed Deposit,Closed,0
A00147,C00147,B00012,568672,2016-08-25,2016,8,Savings,Closed,1
A00148,C00148,B00010,433212,2019-05-24,2019,5,Fixed Deposit,Closed,0
A00149,C00149,B00030,8446,2014-04-27,2014,4,Savings,Active,1
A00150,C00150,B00023,293553,2017-04-30,2017,4,Checking,Active,1
A00151,C00151,B00038,675178,2022-10-08,2022,10,Savings,Active,1
A00152,C00152,B00040,656860,2019-10-26,2019,10,Checking,Pending,1
A00153,C00153,B00032,857075,2018-10-23,2018,10,Checking,Closed,1
A00154,C00154,B00015,562999,2021-07-22,2021,7,Checking,Pending,1
A00155,C00155,B00047,702997,2014-10-10,2014,10,Checking,Closed,1
A00156,C00156,B00021,266689,2018-07-19,2018,7,Checking,Pending,1
A00157,C00157,B00014,262643,2018-03-24,2018,3,Fixed Deposit,Pending,0
A00158,C00158,B00037,196457,2015-10-13,2015,10,Savings,Closed,1
A00159,C00159,B00018,145143,2016-07-10,2016,7,Savings,Pending,1
A00160,C00160,B00035,329074,2020-03-14,2020,3,Fixed Deposit,Active,0
A00161,C00161,B00049,104184,2020-05-02,2020,5,Savings,Active,1
A00162,C00162,B00048,588831,2017-02-11,2017,2,Fixed Deposit,Active,0
A00163,C00163,B00048,972664,2017-01-06,2017,1,Fixed Deposit,Pending,0
A00164,C00164,B00011,657761,2020-06-21,2020,6,Checking,Active,1
A00165,C00165,B00002,952997,2020-06-05,2020,6,Fixed Deposit,Active,0
A00166,C00166,B00010,640449,2022-06-06,2022,6,Fixed Deposit,Pending,0
A00167,C00167,B00043,668664,2017-05-14,2017,5,Fixed Deposit,Active,0
A00168,C00168,B00027,942698,2017-01-03,2017,1,Fixed Deposit,Active,0
A00169,C00169,B00016,949502,2017-11-10,2017,11,Checking,Active,1
A00170,C00170,B00031,230532,2014-12-05,2014,12,Savings,Closed,1
A00171,C00171,B00024,842603,2018-01-08,2018,1,Savings,Pending,1
A00172,C00172,B00009,737539,2020-09-05,2020,9,Fixed Deposit,Pending,0
A00173,C00173,B00040,11207,2019-03-16,2019,3,Checking,Closed,1
A00174,C00174,B00025,911447,2022-08-30,2022,8,Fixed Deposit,Closed,0
A00175,C00175,B00012,792562,2023-08-23,2023,8,Savings,Closed,1
A00176,C00176,B00003,834159,2019-09-12,2019,9,Savings,Closed,1
A00177,C00177,B00028,443687,2015-01-29,2015,1,Savings,Active,1
A00178,C00178,B00028,679247,2016-01-18,2016,1,Savings,Closed,1
A00179,C00179,B00007,698003,2023-05-23,2023,5,Savings,Closed,1
A00180,C00180,B00032,19304,2021-02-06,2021,2,Savings,Closed,1
A00181,C00181,B00034,955732,2021-09-29,2021,9,Checking,Pending,1
A00182,C00182,B00039,21952,2015-03-14,2015,3,Savings,Active,1
A00183,C00183,B00045,45750,2020-11-15,2020,11,Checking,Active,1
A00184,C00184,B00019,268467,2023-01-06,2023,1,Fixed Deposit,Active,0
A00185,C00185,B00044,554294,2017-08-31,2017,8,Fixed Deposit,Pending,0
A00186,C00186,B00039,374107,2016-06-11,2016,6,Fixed Deposit,Active,0
A00187,C00187,B00017,457549,2022-07-02,2022,7,Checking,Pending,1
A00188,C00188,B00010,156176,2017-01-29,2017,1,Savings,Pending,1
A00189,C00189,B00007,178043,2023-03-18,2023,3,Fixed Deposit,Pending,0
A00190,C00190,B00036,787488,2014-10-07,2014,10,Checking,Closed,1
A00191,C00191,B00013,817062,2018-01-14,2018,1,Checking,Pending,1
A00192,C00192,B00006,167752,2019-09-19,2019,9,Fixed Deposit,Active,0
A00193,C00193,B00012,721200,2021-04-28,2021,4,Checking,Pending,1
A00194,C00194,B00029,580036,2023-06-24,2023,6,Fixed Deposit,Active,0
A00195,C00195,B00002,631265,2015-01-15,2015,1,Fixed Deposit,Closed,0
A00196,C00196,B00044,278755,2015-11-13,2015,11,Fixed Deposit,Active,0
A00197,C00197,B00040,14874,2014-11-24,2014,11,Checking,Pending,1
A00198,C00198,B00044,195640,2020-04-25,2020,4,Fixed Deposit,Closed,0
A00199,C00199,B00011,401710,2022-03-20,2022,3,Checking,Pending,1
A00200,C00200,B00018,400413,2016-03-02,2016,3,Fixed Deposit,Active,0
A00201,C00201,B00048,833395,2015-04-26,2015,4,Fixed Deposit,Pending,0
A00202,C00202,B00043,166122,2019-05-15,2019,5,Checking,Closed,1
A00203,C00203,B00033,362191,2018-07-11,2018,7,Savings,Pending,1
A00204,C00204,B00022,405348,2014-12-21,2014,12,Savings,Pending,1
A00205,C00205,B00026,86815,2019-01-14,2019,1,Savings,Closed,1
A00206,C00206,B00014,454874,2015-09-30,2015,9,Checking,Closed,1
A00207,C00207,B00044,116396,2013-12-29,2013,12,Checking,Closed,1
A00208,C00208,B00040,645931,2019-06-26,2019,6,Checking,Closed,1
A00209,C00209,B00026,325165,2021-02-01,2021,2,Fixed Deposit,Pending,0
A00210,C00210,B00013,326713,2021-08-07,2021,8,Savings,Active,1
A00211,C00211,B00042,51077,2017-08-21,2017,8,Savings,Pending,1
A00212,C00212,B00020,479626,2017-02-07,2017,2,Checking,Active,1
A00213,C00213,B00001,586371,2015-04-12,2015,4,Savings,Pending,1
A00214,C00214,B00028,71011,2018-04-15,2018,4,Savings,Closed,1
A00215,C00215,B00036,687086,2022-05-29,2022,5,Fixed Deposit,Pending,0
A00216,C00216,B00022,24556,2019-08-09,2019,8,Checking,Closed,1
A00217,C00217,B00014,242929,2019-09-28,2019,9,Savings,Active,1
A00218,C00218,B00017,41859,2023-02-27,2023,2,Checking,Closed,1
A00219,C00219,B00017,467499,2022-03-27,2022,3,Fixed Deposit,Pending,0
A00220,C00220,B00030,339159,2020-05-20,2020,5,Fixed Deposit,Pending,0
A00221,C00221,B00028,78117,2016-04-06,2016,4,Checking,Pending,1
A00222,C00222,B00029,984110,2022-02-26,2022,2,Fixed Deposit,Active,0
A00223,C00223,B00020,243489,2023-07-29,2023,7,Checking,Pending,1
A00224,C00224,B00014,188865,2019-06-04,2019,6,Checking,Pending,1
A00225,C00225,B00029,678696,2021-09-11,2021,9,Savings,Pending,1
A00226,C00226,B00046,805528,2013-12-13,2013,12,Fixed Deposit,Active,0
A00227,C00227,B00046,858269,2021-03-07,2021,3,Checking,Closed,1
A00228,C00228,B00010,415783,2020-07-16,2020,7,Checking,Active,1
A00229,C00229,B00003,109033,2020-08-07,2020,8,Checking,Closed,1
A00230,C00230,B00035,245883,2018-01-25,2018,1,Savings,Pending,1
A00231,C00231,B00023,71326,2022-06-30,2022,6,Checking,Pending,1
A00232,C00232,B00006,234764,2019-01-02,2019,1,Checking,Pending,1
A00233,C00233,B00034,848683,2020-10-08,2020,10,Savings,Pending,1
A00234,C00234,B00024,669364,2018-06-22,2018,6,Checking,Closed,1
A00235,C00235,B00011,481806,2014-02-28,2014,2,Fixed Deposit,Closed,0
A00236,C00236,B00012,499031,2014-11-25,2014,11,Savings,Active,1
A00237,C00237,B00023,106588,2016-09-14,2016,9,Fixed Deposit,Active,0
A00238,C00238,B00049,416796,2018-03-11,2018,3,Fixed Deposit,Active,0
A00239,C00239,B00005,852699,2023-06-02,2023,6,Savings,Closed,1
A00240,C00240,B00037,598670,2015-11-09,2015,11,Savings,Closed,1
A00241,C00241,B00038,526869,2015-11-03,2015,11,Fixed Deposit,Closed,0
A00242,C00242,B00014,661204,2014-05-10,2014,5,Savings,Pending,1
A00243,C00243,B00022,362071,2015-10-25,2015,10,Checking,Active,1
A00244,C00244,B00001,152591,2015-10-11,2015,10,Fixed Deposit,Pending,0
A00245,C00245,B00044,897929,2019-10-21,2019,10,Fixed Deposit,Pending,0
A00246,C00246,B00039,121559,2016-04-03,2016,4,Checking,Pending,1
A00247,C00247,B00035,192287,2018-03-09,2018,3,Savings,Closed,1
A00248,C00248,B00040,269573,2023-03-14,2023,3,Fixed Deposit,Active,0
A00249,C00249,B00009,158901,2015-03-22,2015,3,Checking,Active,1
A00250,C00250,B00046,340864,2022-11-19,2022,11,Savings,Pending,1
A00251,C00251,B00021,738035,2015-07-04,2015,7,Fixed Deposit,Closed,0
A00252,C00252,B00040,859750,2023-07-23,2023,7,Checking,Active,1
A00253,C00253,B00023,891944,2023-08-15,2023,8,Fixed Deposit,Active,0
A00254,C00254,B00021,97444,2019-05-09,2019,5,Fixed Deposit,Pending,0
A00255,C00255,B00019,566682,2017-08-02,2017,8,Checking,Closed,1
A00256,C00256,B00036,637673,2020-11-03,2020,11,Fixed Deposit,Closed,0
A00257,C00257,B00020,807162,2016-02-17,2016,2,Savings,Closed,1
A00258,C00258,B00043,355718,2020-03-14,2020,3,Savings,Active,1
A00259,C00259,B00005,900209,2015-04-25,2015,4,Fixed Deposit,Pending,0
A00260,C00260,B00011,809463,2020-07-06,2020,7,Fixed Deposit,Active,0
A00261,C00261,B00023,156624,2016-05-28,2016,5,Savings,Pending,1
A00262,C00262,B00009,979577,2016-06-10,2016,6,Checking,Closed,1
A00263,C00263,B00046,682823,2018-01-13,2018,1,Checking,Closed,1
A00264,C00264,B00050,81593,2015-05-24,2015,5,Savings,Active,1
A00265,C00265,B00026,879042,2016-10-14,2016,10,Fixed Deposit,Pending,0
A00266,C00266,B00050,705103,2023-04-28,2023,4,Savings,Closed,1
A00267,C00267,B00039,822941,2022-03-10,2022,3,Savings,Pending,1
A00268,C00268,B00024,394092,2019-08-15,2019,8,Fixed Deposit,Closed,0
A00269,C00269,B00036,653933,2016-01-29,2016,1,Checking,Closed,1
A00270,C00270,B00039,835366,2018-06-23,2018,6,Checking,Pending,1
A00271,C00271,B00030,417525,2021-07-24,2021,7,Fixed Deposit,Closed,0
A00272,C00272,B00019,648970,2023-02-20,2023,2,Fixed Deposit,Active,0
A00273,C00273,B00049,26323,2016-03-18,2016,3,Checking,Pending,1
A00274,C00274,B00046,474178,2020-01-16,2020,1,Fixed Deposit,Closed,0
A00275,C00275,B00035,365305,2017-11-18,2017,11,Checking,Pending,1
A00276,C00276,B00039,974692,2015-02-03,2015,2,Checking,Pending,1
A00277,C00277,B00022,885758,2018-10-21,2018,10,Savings,Closed,1
A00278,C00278,B00045,994503,2019-05-30,2019,5,Checking,Closed,1
A00279,C00279,B00014,418305,2020-05-09,2020,5,Fixed Deposit,Closed,0
A00280,C00280,B00036,524522,2016-09-22,2016,9,Checking,Pending,1
A00281,C00281,B00033,473633,2022-07-12,2022,7,Checking,Closed,1
A00282,C00282,B00021,612499,2023-06-30,2023,6,Fixed Deposit,Pending,0
A00283,C00283,B00005,330462,2014-02-24,2014,2,Checking,Closed,1
A00284,C00284,B00037,141538,2016-11-04,2016,11,Fixed Deposit,Active,0
A00285,C00285,B00026,733165,2016-12-07,2016,12,Fixed Deposit,Closed,0
A00286,C00286,B00044,872833,2016-09-07,2016,9,Checking,Pending,1
A00287,C00287,B00001,58477,2016-01-11,2016,1,Savings,Pending,1
A00288,C00288,B00001,392998,2013-12-08,2013,12,Checking,Active,1
A00289,C00289,B00001,289122,2021-05-24,2021,5,Fixed Deposit,Active,0
A00290,C00290,B00050,751133,2018-01-04,2018,1,Checking,Closed,1
A00291,C00291,B00030,494519,2016-05-22,2016,5,Savings,Pending,1
A00292,C00292,B00031,759007,2019-03-31,2019,3,Checking,Pending,1
A00293,C00293,B00026,378086,2016-06-26,2016,6,Savings,Pending,1
A00294,C00294,B00027,484139,2021-04-26,2021,4,Fixed Deposit,Closed,0
A00295,C00295,B00046,743058,2021-09-10,2021,9,Checking,Closed,1
A00296,C00296,B00046,576389,2021-06-25,2021,6,Checking,Pending,1
A00297,C00297,B00017,477237,2019-03-15,2019,3,Savings,Closed,1
A00298,C00298,B00002,200630,2017-06-22,2017,6,Savings,Pending,1
A00299,C00299,B00005,576542,2014-09-29,2014,9,Checking,Closed,1
A00300,C00300,B00033,406898,2023-05-04,2023,5,Savings,Active,1
A00301,C00301,B00034,199880,2015-02-16,2015,2,Savings,Pending,1
A00302,C00302,B00030,162835,2015-01-21,2015,1,Checking,Closed,1
A00303,C00303,B00047,51898,2017-03-27,2017,3,Fixed Deposit,Pending,0
A00304,C00304,B00015,840114,2015-05-03,2015,5,Savings,Pending,1
A00305,C00305,B00041,141020,2022-09-25,2022,9,Checking,Pending,1
A00306,C00306,B00014,920841,2020-05-13,2020,5,Fixed Deposit,Closed,0
A00307,C00307,B00005,432614,2018-09-08,2018,9,Fixed Deposit,Closed,0
A00308,C00308,B00008,845965,2015-12-14,2015,12,Fixed Deposit,Active,0
A00309,C00309,B00002,979268,2021-04-27,2021,4,Fixed Deposit,Active,0
A00310,C00310,B00020,887862,2015-09-09,2015,9,Checking,Pending,1
A00311,C00311,B00018,6798,2014-01-25,2014,1,Fixed Deposit,Closed,0
A00312,C00312,B00002,603528,2014-03-31,2014,3,Fixed Deposit,Active,0
A00313,C00313,B00011,678883,2014-08-15,2014,8,Savings,Active,1
A00314,C00314,B00039,843512,2021-02-28,2021,2,Savings,Pending,1
A00315,C00315,B00012,634210,2022-09-24,2022,9,Fixed Deposit,Pending,0
A00316,C00316,B00048,859689,2023-03-07,2023,3,Fixed Deposit,Active,0
A00317,C00317,B00049,491971,2022-07-29,2022,7,Checking,Closed,1
A00318,C00318,B00045,983527,2022-12-08,2022,12,Fixed Deposit,Pending,0
A00319,C00319,B00034,24549,2021-11-17,2021,11,Fixed Deposit,Closed,0
A00320,C00320,B00005,768913,2021-01-04,2021,1,Fixed Deposit,Closed,0
A00321,C00321,B00050,533101,2019-10-24,2019,10,Checking,Pending,1
A00322,C00322,B00006,854125,2023-04-13,2023,4,Checking,Active,1
A00323,C00323,B00031,666532,2017-06-07,2017,6,Savings,Closed,1
A00324,C00324,B00039,215561,2019-04-07,2019,4,Checking,Active,1
A00325,C00325,B00020,157963,2016-03-17,2016,3,Checking,Closed,1
A00326,C00326,B00017,693127,2019-04-08,2019,4,Checking,Pending,1
A00327,C00327,B00021,774378,2014-02-23,2014,2,Fixed Deposit,Active,0
A00328,C00328,B00019,64107,2020-09-19,2020,9,Savings,Pending,1
A00329,C00329,B00040,414119,2015-11-03,2015,11,Checking,Pending,1
A00330,C00330,B00013,492934,2017-07-24,2017,7,Fixed Deposit,Closed,0
A00331,C00331,B00032,135803,2020-08-22,2020,8,Checking,Active,1
A00332,C00332,B00035,826025,2017-03-15,2017,3,Savings,Pending,1
A00333,C00333,B00038,204782,2020-06-20,2020,6,Fixed Deposit,Closed,0
A00334,C00334,B00043,821551,2019-11-04,2019,11,Checking,Pending,1
A00335,C00335,B00020,465486,2019-08-26,2019,8,Savings,Pending,1
A00336,C00336,B00034,144970,2016-10-17,2016,10,Savings,Pending,1
A00337,C00337,B00016,710022,2016-05-02,2016,5,Fixed Deposit,Closed,0
A00338,C00338,B00050,398813,2021-03-23,2021,3,Checking,Pending,1
A00339,C00339,B00049,242411,2015-09-03,2015,9,Fixed Deposit,Pending,0
A00340,C00340,B00030,349405,2016-07-31,2016,7,Checking,Active,1
A00341,C00341,B00049,248852,2020-01-05,2020,1,Fixed Deposit,Closed,0
A00342,C00342,B00029,690295,2019-08-03,2019,8,Fixed Deposit,Active,0
A00343,C00343,B00004,164121,2020-06-23,2020,6,Fixed Deposit,Active,0
A00344,C00344,B00023,771558,2020-03-04,2020,3,Savings,Active,1
A00345,C00345,B00036,496668,2016-09-15,2016,9,Fixed Deposit,Pending,0
A00346,C00346,B00046,62568,2018-12-12,2018,12,Savings,Closed,1
A00347,C00347,B00045,18357,2016-02-12,2016,2,Savings,Pending,1
A00348,C00348,B00046,684048,2022-10-09,2022,10,Savings,Closed,1
A00349,C00349,B00009,155708,2020-03-31,2020,3,Fixed Deposit,Active,0
A00350,C00350,B00044,621760,2014-09-03,2014,9,Savings,Closed,1
A00351,C00351,B00012,405821,2020-10-07,2020,10,Fixed Deposit,Closed,0
A00352,C00352,B00031,118699,2015-01-07,2015,1,Fixed Deposit,Closed,0
A00353,C00353,B00016,670170,2019-06-11,2019,6,Savings,Closed,1
A00354,C00354,B00016,893021,2021-12-28,2021,12,Checking,Closed,1
A00355,C00355,B00020,801971,2018-11-02,2018,11,Savings,Pending,1
A00356,C00356,B00001,979104,2023-06-26,2023,6,Checking,Pending,1
A00357,C00357,B00026,598400,2021-04-26,2021,4,Fixed Deposit,Closed,0
A00358,C00358,B00029,881596,2020-11-10,2020,11,Fixed Deposit,Closed,0
A00359,C00359,B00042,903364,2021-10-28,2021,10,Savings,Active,1
A00360,C00360,B00040,653420,2015-05-28,2015,5,Checking,Closed,1
A00361,C00361,B00048,604814,2019-01-29,2019,1,Checking,Pending,1
A00362,C00362,B00024,708114,2015-01-15,2015,1,Savings,Active,1
A00363,C00363,B00046,175119,2018-10-07,2018,10,Fixed Deposit,Closed,0
A00364,C00364,B00036,485100,2019-08-08,2019,8,Savings,Pending,1
A00365,C00365,B00021,812922,2016-08-18,2016,8,Checking,Closed,1
A00366,C00366,B00007,268621,2016-02-04,2016,2,Savings,Pending,1
A00367,C00367,B00024,457866,2018-01-07,2018,1,Savings,Closed,1
A00368,C00368,B00047,821844,2023-08-11,2023,8,Fixed Deposit,Pending,0
A00369,C00369,B00040,573780,2015-06-11,2015,6,Fixed Deposit,Closed,0
A00370,C00370,B00026,512235,2017-06-22,2017,6,Checking,Active,1
A00371,C00371,B00041,452958,2022-08-27,2022,8,Savings,Pending,1
A00372,C00372,B00020,442982,2019-04-23,2019,4,Savings,Active,1
A00373,C00373,B00026,403875,2014-02-25,2014,2,Savings,Active,1
A00374,C00374,B00034,119785,2015-06-28,2015,6,Checking,Active,1
A00375,C00375,B00023,992958,2019-08-04,2019,8,Savings,Closed,1
A00376,C00376,B00041,655456,2014-03-06,2014,3,Savings,Closed,1
A00377,C00377,B00005,390448,2019-05-13,2019,5,Checking,Pending,1
A00378,C00378,B00046,507038,2022-12-04,2022,12,Checking,Closed,1
A00379,C00379,B00018,133792,2015-12-19,2015,12,Savings,Closed,1
A00380,C00380,B00036,122739,2023-06-06,2023,6,Savings,Closed,1
A00381,C00381,B00039,259085,2021-08-15,2021,8,Fixed Deposit,Pending,0
A00382,C00382,B00045,545098,2020-11-02,2020,11,Savings,Pending,1
A00383,C00383,B00006,367499,2018-07-17,2018,7,Savings,Active,1
A00384,C00384,B00047,924792,2022-05-23,2022,5,Fixed Deposit,Pending,0
A00385,C00385,B00047,227485,2014-01-19,2014,1,Savings,Active,1
A00386,C00386,B00004,697101,2016-09-06,2016,9,Checking,Pending,1
A00387,C00387,B00015,810794,2019-07-28,2019,7,Fixed Deposit,Closed,0
A00388,C00388,B00002,401489,2022-04-18,2022,4,Savings,Pending,1
A00389,C00389,B00031,916760,2020-06-04,2020,6,Savings,Closed,1
A00390,C00390,B00038,827332,2018-07-23,2018,7,Savings,Active,1
A00391,C00391,B00026,153169,2017-06-08,2017,6,Fixed Deposit,Closed,0
A00392,C00392,B00008,221941,2013-12-30,2013,12,Fixed Deposit,Closed,0
A00393,C00393,B00042,724286,2023-07-09,2023,7,Savings,Pending,1
A00394,C00394,B00036,1171,2016-06-24,2016,6,Checking,Closed,1
A00395,C00395,B00049,184822,2018-06-06,2018,6,Checking,Pending,1
A00396,C00396,B00007,664925,2018-12-02,2018,12,Checking,Closed,1
A00397,C00397,B00027,594634,2019-07-28,2019,7,Checking,Pending,1
A00398,C00398,B00025,247562,2021-02-19,2021,2,Fixed Deposit,Closed,0
A00399,C00399,B00041,196745,2022-11-06,2022,11,Savings,Closed,1
A00400,C00400,B00024,434103,2017-08-31,2017,8,Checking,Active,1
A00401,C00401,B00016,543320,2015-06-05,2015,6,Savings,Closed,1
A00402,C00402,B00009,503829,2016-10-14,2016,10,Fixed Deposit,Closed,0
A00403,C00403,B00050,302967,2016-07-25,2016,7,Savings,Active,1
A00404,C00404,B00005,803933,2014-03-21,2014,3,Fixed Deposit,Closed,0
A00405,C00405,B00002,472769,2014-10-28,2014,10,Fixed Deposit,Active,0
A00406,C00406,B00028,432496,2015-11-13,2015,11,Savings,Closed,1
A00407,C00407,B00044,496425,2016-01-08,2016,1,Savings,Pending,1
A00408,C00408,B00043,400571,2019-05-19,2019,5,Savings,Active,1
A00409,C00409,B00027,612266,2020-03-31,2020,3,Savings,Pending,1
A00410,C00410,B00029,75011,2022-04-16,2022,4,Checking,Active,1
A00411,C00411,B00036,51072,2016-04-03,2016,4,Checking,Pending,1
A00412,C00412,B00013,872501,2018-05-22,2018,5,Savings,Active,1
A00413,C00413,B00014,379445,2022-06-14,2022,6,Checking,Closed,1
A00414,C00414,B00011,187400,2015-01-26,2015,1,Fixed Deposit,Pending,0
A00415,C00415,B00041,834123,2020-01-13,2020,1,Savings,Closed,1
A00416,C00416,B00005,13353,2020-11-23,2020,11,Savings,Active,1
A00417,C00417,B00019,228976,2015-04-20,2015,4,Savings,Closed,1
A00418,C00418,B00009,577307,2022-10-23,2022,10,Checking,Active,1
A00419,C00419,B00010,335950,2022-10-30,2022,10,Fixed Deposit,Closed,0
A00420,C00420,B00044,412044,2016-01-12,2016,1,Savings,Closed,1
A00421,C00421,B00006,802455,2019-07-22,2019,7,Checking,Pending,1
A00422,C00422,B00030,666327,2016-12-21,2016,12,Fixed Deposit,Active,0
A00423,C00423,B00028,195391,2015-10-12,2015,10,Checking,Closed,1
A00424,C00424,B00021,591400,2020-01-19,2020,1,Savings,Pending,1
A00425,C00425,B00033,196933,2017-04-15,2017,4,Savings,Closed,1
A00426,C00426,B00028,387167,2015-05-10,2015,5,Checking,Closed,1
A00427,C00427,B00027,90352,2022-06-30,2022,6,Savings,Closed,1
A00428,C00428,B00006,490257,2016-03-28,2016,3,Savings,Pending,1
A00429,C00429,B00045,467112,2014-05-11,2014,5,Savings,Active,1
A00430,C00430,B00011,551450,2017-11-16,2017,11,Fixed Deposit,Closed,0
A00431,C00431,B00007,270285,2015-10-25,2015,10,Fixed Deposit,Pending,0
A00432,C00432,B00008,873641,2017-01-29,2017,1,Checking,Closed,1
A00433,C00433,B00025,547997,2017-09-07,2017,9,Fixed Deposit,Active,0
A00434,C00434,B00018,298806,2015-07-25,2015,7,Checking,Pending,1
A00435,C00435,B00038,96293,2014-10-15,2014,10,Fixed Deposit,Pending,0
A00436,C00436,B00003,934751,2023-01-13,2023,1,Savings,Pending,1
A00437,C00437,B00017,778930,2020-04-30,2020,4,Checking,Active,1
A00438,C00438,B00036,291028,2022-08-28,2022,8,Savings,Active,1
A00439,C00439,B00018,48752,2021-09-11,2021,9,Savings,Closed,1
A00440,C00440,B00021,784386,2020-01-14,2020,1,Fixed Deposit,Pending,0
A00441,C00441,B00010,841827,2017-11-26,2017,11,Fixed Deposit,Closed,0
A00442,C00442,B00047,72507,2017-09-04,2017,9,Checking,Active,1
A00443,C00443,B00026,7324,2022-05-03,2022,5,Checking,Active,1
A00444,C00444,B00044,662990,2019-07-25,2019,7,Fixed Deposit,Pending,0
A00445,C00445,B00028,498776,2019-09-13,2019,9,Savings,Active,1
A00446,C00446,B00022,669545,2015-11-10,2015,11,Fixed Deposit,Closed,0
A00447,C00447,B00020,228358,2018-07-24,2018,7,Checking,Pending,1
A00448,C00448,B00004,806721,2015-12-25,2015,12,Savings,Closed,1
A00449,C00449,B00007,944714,2015-10-26,2015,10,Fixed Deposit,Pending,0
A00450,C00450,B00047,637078,2022-08-29,2022,8,Checking,Closed,1
A00451,C00451,B00030,748265,2017-11-13,2017,11,Fixed Deposit,Active,0
A00452,C00452,B00034,690522,2020-05-19,2020,5,Checking,Closed,1
A00453,C00453,B00006,662988,2017-12-24,2017,12,Fixed Deposit,Active,0
A00454,C00454,B00046,819766,2017-07-01,2017,7,Fixed Deposit,Pending,0
A00455,C00455,B00009,824747,2015-02-27,2015,2,Checking,Pending,1
A00456,C00456,B00003,714649,2015-11-02,2015,11,Checking,Active,1
A00457,C00457,B00027,321862,2021-12-20,2021,12,Fixed Deposit,Closed,0
A00458,C00458,B00012,674644,2017-07-01,2017,7,Checking,Active,1
A00459,C00459,B00028,970359,2016-07-01,2016,7,Fixed Deposit,Active,0
A00460,C00460,B00014,689733,2019-04-16,2019,4,Savings,Active,1
A00461,C00461,B00010,694152,2023-06-08,2023,6,Fixed Deposit,Pending,0
A00462,C00462,B00034,518053,2022-04-15,2022,4,Checking,Pending,1
A00463,C00463,B00034,375667,2020-08-04,2020,8,Savings,Closed,1
A00464,C00464,B00050,85026,2018-01-22,2018,1,Checking,Pending,1
A00465,C00465,B00017,280734,2015-08-31,2015,8,Savings,Pending,1
A00466,C00466,B00049,342394,2020-04-07,2020,4,Checking,Closed,1
A00467,C00467,B00046,731658,2017-10-05,2017,10,Fixed Deposit,Pending,0
A00468,C00468,B00038,385640,2017-05-03,2017,5,Fixed Deposit,Pending,0
A00469,C00469,B00006,109811,2020-02-29,2020,2,Checking,Closed,1
A00470,C00470,B00028,649945,2018-07-05,2018,7,Checking,Pending,1
A00471,C00471,B00016,879256,2019-06-14,2019,6,Fixed Deposit,Closed,0
A00472,C00472,B00003,777124,2014-12-23,2014,12,Checking,Closed,1
A00473,C00473,B00040,290689,2022-01-30,2022,1,Savings,Active,1
A00474,C00474,B00006,119600,2016-01-09,2016,1,Checking,Closed,1
A00475,C00475,B00014,668596,2020-03-07,2020,3,Checking,Pending,1
A00476,C00476,B00009,360807,2016-04-12,2016,4,Fixed Deposit,Pending,0
A00477,C00477,B00040,918961,2014-02-06,2014,2,Checking,Closed,1
A00478,C00478,B00031,554176,2013-12-08,2013,12,Checking,Pending,1
A00479,C00479,B00008,856653,2020-07-05,2020,7,Checking,Active,1
A00480,C00480,B00019,617402,2019-04-18,2019,4,Savings,Active,1
A00481,C00481,B00003,231863,2021-10-08,2021,10,Fixed Deposit,Pending,0
A00482,C00482,B00027,4246,2015-11-12,2015,11,Checking,Pending,1
A00483,C00483,B00027,920618,2022-08-18,2022,8,Checking,Pending,1
A00484,C00484,B00011,496226,2015-06-21,2015,6,Checking,Active,1
A00485,C00485,B00021,654100,2017-03-01,2017,3,Fixed Deposit,Closed,0
A00486,C00486,B00041,584919,2017-04-16,2017,4,Checking,Pending,1
A00487,C00487,B00009,987120,2014-12-23,2014,12,Savings,Active,1
A00488,C00488,B00039,5385,2021-11-09,2021,11,Checking,Active,1
A00489,C00489,B00022,270910,2015-09-29,2015,9,Fixed Deposit,Closed,0
A00490,C00490,B00050,149446,2015-06-04,2015,6,Checking,Closed,1
A00491,C00491,B00037,481832,2016-04-26,2016,4,Savings,Active,1
A00492,C00492,B00013,64938,2020-03-01,2020,3,Fixed Deposit,Closed,0
A00493,C00493,B00017,84164,2018-08-11,2018,8,Checking,Active,1
A00494,C00494,B00007,652715,2016-05-02,2016,5,Checking,Active,1
A00495,C00495,B00025,57393,2016-11-08,2016,11,Savings,Pending,1
A00496,C00496,B00023,938547,2023-03-13,2023,3,Checking,Pending,1
A00497,C00497,B00027,647601,2014-10-02,2014,10,Fixed Deposit,Active,0
A00498,C00498,B00045,955936,2019-11-02,2019,11,Checking,Closed,1
A00499,C00499,B00047,566097,2022-11-02,2022,11,Fixed Deposit,Pending,0
A00500,C00500,B00012,758547,2016-11-27,2016,11,Fixed Deposit,Closed,0
A00501,C00501,B00005,473875,2017-12-07,2017,12,Checking,Active,1
A00502,C00502,B00010,593059,2016-04-15,2016,4,Checking,Closed,1
A00503,C00503,B00015,3897,2020-10-20,2020,10,Fixed Deposit,Closed,0
A00504,C00504,B00020,78514,2015-11-23,2015,11,Checking,Pending,1
A00505,C00505,B00029,143081,2021-08-11,2021,8,Checking,Pending,1
A00506,C00506,B00014,902471,2023-08-14,2023,8,Savings,Pending,1
A00507,C00507,B00020,642169,2014-10-13,2014,10,Fixed Deposit,Closed,0
A00508,C00508,B00041,200391,2021-12-29,2021,12,Savings,Active,1
A00509,C00509,B00024,729935,2019-02-16,2019,2,Savings,Closed,1
A00510,C00510,B00006,145293,2021-12-27,2021,12,Checking,Pending,1
A00511,C00511,B00004,144893,2018-06-20,2018,6,Savings,Pending,1
A00512,C00512,B00031,420320,2019-09-19,2019,9,Savings,Pending,1
A00513,C00513,B00022,57829,2014-12-09,2014,12,Savings,Closed,1
A00514,C00514,B00018,58086,2016-12-21,2016,12,Checking,Pending,1
A00515,C00515,B00047,611012,2014-02-08,2014,2,Fixed Deposit,Pending,0
A00516,C00516,B00009,585691,2018-02-25,2018,2,Checking,Pending,1
A00517,C00517,B00030,169424,2022-12-11,2022,12,Savings,Pending,1
A00518,C00518,B00046,81593,2021-01-31,2021,1,Savings,Active,1
A00519,C00519,B00012,722873,2023-07-08,2023,7,Fixed Deposit,Active,0
A00520,C00520,B00035,66062,2016-03-16,2016,3,Checking,Active,1
A00521,C00521,B00024,869033,2013-11-20,2013,11,Checking,Pending,1
A00522,C00522,B00036,360036,2016-06-10,2016,6,Checking,Pending,1
A00523,C00523,B00039,229929,2022-06-13,2022,6,Fixed Deposit,Closed,0
A00524,C00524,B00033,831452,2019-02-27,2019,2,Checking,Closed,1
A00525,C00525,B00018,535502,2019-04-13,2019,4,Fixed Deposit,Pending,0
A00526,C00526,B00026,291858,2016-03-17,2016,3,Fixed Deposit,Closed,0
A00527,C00527,B00023,713707,2022-01-14,2022,1,Checking,Closed,1
A00528,C00528,B00049,224340,2023-04-17,2023,4,Fixed Deposit,Pending,0
A00529,C00529,B00007,797797,2014-08-29,2014,8,Checking,Active,1
A00530,C00530,B00027,873457,2023-01-03,2023,1,Fixed Deposit,Closed,0
A00531,C00531,B00048,95341,2015-12-28,2015,12,Checking,Pending,1
A00532,C00532,B00047,723809,2017-06-07,2017,6,Fixed Deposit,Active,0
A00533,C00533,B00011,656636,2017-07-01,2017,7,Savings,Closed,1
A00534,C00534,B00043,873108,2021-01-11,2021,1,Savings,Active,1
A00535,C00535,B00015,456747,2015-06-25,2015,6,Fixed Deposit,Pending,0
A00536,C00536,B00042,735455,2021-09-03,2021,9,Savings,Active,1
A00537,C00537,B00038,248462,2015-03-19,2015,3,Savings,Closed,1
A00538,C00538,B00018,381050,2021-08-16,2021,8,Checking,Closed,1
A00539,C00539,B00049,226574,2017-01-07,2017,1,Checking,Active,1
A00540,C00540,B00010,175603,2015-12-20,2015,12,Savings,Closed,1
A00541,C00541,B00025,261971,2022-10-17,2022,10,Checking,Pending,1
A00542,C00542,B00042,432033,2014-12-01,2014,12,Checking,Closed,1
A00543,C00543,B00036,280906,2019-05-12,2019,5,Fixed Deposit,Active,0
A00544,C00544,B00005,774993,2014-08-18,2014,8,Savings,Pending,1
A00545,C00545,B00035,51974,2017-08-20,2017,8,Savings,Closed,1
A00546,C00546,B00037,575937,2018-12-03,2018,12,Checking,Pending,1
A00547,C00547,B00003,300904,2023-04-14,2023,4,Fixed Deposit,Closed,0
A00548,C00548,B00015,932891,2020-05-26,2020,5,Savings,Closed,1
A00549,C00549,B00020,189816,2022-10-12,2022,10,Checking,Closed,1
A00550,C00550,B00049,217417,2021-12-28,2021,12,Fixed Deposit,Active,0
A00551,C00551,B00039,531767,2017-12-18,2017,12,Fixed Deposit,Closed,0
A00552,C00552,B00029,369484,2022-03-18,2022,3,Fixed Deposit,Closed,0
A00553,C00553,B00042,372204,2019-09-10,2019,9,Fixed Deposit,Active,0
A00554,C00554,B00014,463038,2023-07-24,2023,7,Fixed Deposit,Active,0
A00555,C00555,B00008,327041,2015-05-26,2015,5,Savings,Active,1
A00556,C00556,B00011,174142,2016-03-23,2016,3,Checking,Closed,1
A00557,C00557,B00038,101362,2015-08-17,2015,8,Checking,Closed,1
A00558,C00558,B00047,292247,2017-11-29,2017,11,Checking,Active,1
A00559,C00559,B00042,337656,2015-09-06,2015,9,Checking,Pending,1
A00560,C00560,B00043,916320,2023-08-14,2023,8,Checking,Pending,1
A00561,C00561,B00030,219548,2016-10-13,2016,10,Checking,Closed,1
A00562,C00562,B00012,832785,2015-08-20,2015,8,Fixed Deposit,Closed,0
A00563,C00563,B00023,440361,2022-10-24,2022,10,Fixed Deposit,Closed,0
A00564,C00564,B00047,933721,2016-04-18,2016,4,Savings,Closed,1
A00565,C00565,B00019,442445,2013-11-23,2013,11,Fixed Deposit,Pending,0
A00566,C00566,B00038,610955,2017-07-10,2017,7,Checking,Pending,1
A00567,C00567,B00046,195412,2014-06-17,2014,6,Checking,Closed,1
A00568,C00568,B00040,763916,2020-02-16,2020,2,Savings,Pending,1
A00569,C00569,B00043,345200,2016-04-15,2016,4,Checking,Closed,1
A00570,C00570,B00001,810365,2021-05-26,2021,5,Checking,Pending,1
A00571,C00571,B00030,299885,2018-07-10,2018,7,Fixed Deposit,Closed,0
A00572,C00572,B00015,678431,2018-08-04,2018,8,Savings,Closed,1
A00573,C00573,B00016,356839,2019-05-30,2019,5,Checking,Active,1
A00574,C00574,B00041,633921,2014-02-12,2014,2,Savings,Closed,1
A00575,C00575,B00029,711797,2021-06-13,2021,6,Fixed Deposit,Active,0
A00576,C00576,B00007,166750,2016-05-12,2016,5,Savings,Pending,1
A00577,C00577,B00036,122613,2019-10-27,2019,10,Checking,Closed,1
A00578,C00578,B00011,115875,2020-03-15,2020,3,Fixed Deposit,Closed,0
A00579,C00579,B00050,920816,2014-08-11,2014,8,Fixed Deposit,Closed,0
A00580,C00580,B00031,441187,2021-03-31,2021,3,Savings,Closed,1
A00581,C00581,B00025,393911,2015-04-27,2015,4,Fixed Deposit,Active,0
A00582,C00582,B00011,658166,2017-06-30,2017,6,Fixed Deposit,Active,0
A00583,C00583,B00046,438679,2015-01-05,2015,1,Savings,Closed,1
A00584,C00584,B00027,4689,2021-12-10,2021,12,Fixed Deposit,Active,0
A00585,C00585,B00010,949427,2021-09-10,2021,9,Checking,Pending,1
A00586,C00586,B00019,192921,2017-04-09,2017,4,Savings,Closed,1
A00587,C00587,B00030,519781,2019-10-06,2019,10,Savings,Closed,1
A00588,C00588,B00048,325018,2014-01-21,2014,1,Savings,Closed,1
A00589,C00589,B00015,716390,2023-08-05,2023,8,Fixed Deposit,Active,0
A00590,C00590,B00032,977359,2019-08-15,2019,8,Checking,Active,1
A00591,C00591,B00016,609260,2017-03-14,2017,3,Fixed Deposit,Pending,0
A00592,C00592,B00012,127534,2014-12-19,2014,12,Savings,Active,1
A00593,C00593,B00028,539565,2018-12-07,2018,12,Savings,Active,1
A00594,C00594,B00049,757247,2021-07-12,2021,7,Checking,Active,1
A00595,C00595,B00012,122875,2016-12-09,2016,12,Checking,Closed,1
A00596,C00596,B00016,836323,2014-07-11,2014,7,Checking,Pending,1
A00597,C00597,B00041,102509,2018-12-14,2018,12,Savings,Closed,1
A00598,C00598,B00014,631562,2022-04-28,2022,4,Checking,Closed,1
A00599,C00599,B00034,408633,2019-02-18,2019,2,Checking,Closed,1
A00600,C00600,B00015,660615,2019-03-02,2019,3,Fixed Deposit,Pending,0
A00601,C00601,B00047,873573,2020-04-02,2020,4,Checking,Pending,1
A00602,C00602,B00023,725343,2022-09-22,2022,9,Fixed Deposit,Active,0
A00603,C00603,B00038,318809,2017-01-17,2017,1,Savings,Closed,1
A00604,C00604,B00042,173132,2018-02-22,2018,2,Checking,Closed,1
A00605,C00605,B00025,548184,2016-09-23,2016,9,Fixed Deposit,Pending,0
A00606,C00606,B00002,145882,2016-11-29,2016,11,Fixed Deposit,Active,0
A00607,C00607,B00006,476758,2019-02-20,2019,2,Fixed Deposit,Closed,0
A00608,C00608,B00035,250395,2018-02-14,2018,2,Checking,Closed,1
A00609,C00609,B00011,409997,2018-08-22,2018,8,Checking,Active,1
A00610,C00610,B00048,616812,2014-03-07,2014,3,Savings,Closed,1
A00611,C00611,B00026,649723,2018-12-27,2018,12,Savings,Pending,1
A00612,C00612,B00041,811138,2015-11-11,2015,11,Fixed Deposit,Closed,0
A00613,C00613,B00025,664303,2015-04-14,2015,4,Checking,Active,1
A00614,C00614,B00037,577047,2019-08-20,2019,8,Savings,Pending,1
A00615,C00615,B00023,442041,2018-06-28,2018,6,Fixed Deposit,Pending,0
A00616,C00616,B00045,601736,2023-03-25,2023,3,Savings,Closed,1
A00617,C00617,B00011,517155,2014-10-21,2014,10,Checking,Closed,1
A00618,C00618,B00027,387805,2022-04-19,2022,4,Checking,Closed,1
A00619,C00619,B00012,916425,2015-07-09,2015,7,Checking,Closed,1
A00620,C00620,B00025,122550,2015-12-02,2015,12,Fixed Deposit,Pending,0
A00621,C00621,B00010,313789,2021-03-21,2021,3,Checking,Pending,1
A00622,C00622,B00032,576880,2015-05-14,2015,5,Fixed Deposit,Closed,0
A00623,C00623,B00014,26810,2020-12-16,2020,12,Savings,Active,1
A00624,C00624,B00011,351063,2022-09-12,2022,9,Checking,Closed,1
A00625,C00625,B00033,336169,2014-07-08,2014,7,Checking,Closed,1
A00626,C00626,B00022,836319,2015-09-10,2015,9,Checking,Closed,1
A00627,C00627,B00045,207527,2019-12-02,2019,12,Savings,Closed,1
A00628,C00628,B00023,66047,2021-03-12,2021,3,Checking,Active,1
A00629,C00629,B00025,966888,2023-02-16,2023,2,Savings,Pending,1
A00630,C00630,B00029,966546,2020-04-23,2020,4,Savings,Active,1
A00631,C00631,B00035,111646,2019-05-22,2019,5,Fixed Deposit,Pending,0
A00632,C00632,B00040,613535,2021-09-21,2021,9,Savings,Closed,1
A00633,C00633,B00029,270199,2019-02-26,2019,2,Fixed Deposit,Pending,0
A00634,C00634,B00018,285418,2021-03-03,2021,3,Fixed Deposit,Active,0
A00635,C00635,B00002,881627,2017-03-13,2017,3,Savings,Pending,1
A00636,C00636,B00015,110748,2015-08-29,2015,8,Fixed Deposit,Closed,0
A00637,C00637,B00028,525129,2019-02-12,2019,2,Fixed Deposit,Pending,0
A00638,C00638,B00006,456042,2016-01-24,2016,1,Savings,Closed,1
A00639,C00639,B00036,79816,2020-09-04,2020,9,Checking,Closed,1
A00640,C00640,B00012,431522,2014-10-21,2014,10,Checking,Closed,1
A00641,C00641,B00040,806235,2017-05-24,2017,5,Fixed Deposit,Pending,0
A00642,C00642,B00017,344163,2017-10-12,2017,10,Savings,Pending,1
A00643,C00643,B00025,431004,2015-05-15,2015,5,Checking,Closed,1
A00644,C00644,B00007,950561,2019-04-23,2019,4,Fixed Deposit,Pending,0
A00645,C00645,B00034,143398,2014-11-23,2014,11,Checking,Closed,1
A00646,C00646,B00012,169384,2016-12-16,2016,12,Checking,Closed,1
A00647,C00647,B00030,756616,2022-07-31,2022,7,Savings,Active,1
A00648,C00648,B00020,363473,2018-10-10,2018,10,Fixed Deposit,Active,0
A00649,C00649,B00048,808451,2014-12-04,2014,12,Checking,Active,1
A00650,C00650,B00047,978486,2015-06-05,2015,6,Checking,Closed,1
A00651,C00651,B00002,865284,2019-07-09,2019,7,Fixed Deposit,Closed,0
A00652,C00652,B00016,350971,2019-09-04,2019,9,Savings,Closed,1
A00653,C00653,B00031,186223,2014-12-24,2014,12,Fixed Deposit,Pending,0
A00654,C00654,B00034,427252,2020-01-29,2020,1,Checking,Pending,1
A00655,C00655,B00011,402015,2020-02-16,2020,2,Fixed Deposit,Pending,0
A00656,C00656,B00030,549762,2022-04-08,2022,4,Fixed Deposit,Pending,0
A00657,C00657,B00029,935598,2019-11-07,2019,11,Savings,Closed,1
A00658,C00658,B00030,49403,2023-07-23,2023,7,Checking,Pending,1
A00659,C00659,B00030,158834,2015-01-21,2015,1,Savings,Active,1
A00660,C00660,B00040,196054,2023-07-17,2023,7,Checking,Pending,1
A00661,C00661,B00036,222841,2023-08-14,2023,8,Savings,Pending,1
A00662,C00662,B00004,413997,2021-09-27,2021,9,Savings,Closed,1
A00663,C00663,B00048,138541,2014-04-06,2014,4,Savings,Active,1
A00664,C00664,B00042,53159,2014-11-30,2014,11,Fixed Deposit,Pending,0
A00665,C00665,B00012,552856,2017-10-11,2017,10,Checking,Pending,1
A00666,C00666,B00023,542476,2020-12-28,2020,12,Savings,Closed,1
A00667,C00667,B00036,287258,2022-02-03,2022,2,Savings,Closed,1
A00668,C00668,B00044,707502,2021-12-07,2021,12,Fixed Deposit,Active,0
A00669,C00669,B00023,998395,2018-07-11,2018,7,Fixed Deposit,Pending,0
A00670,C00670,B00026,285749,2021-05-21,2021,5,Checking,Pending,1
A00671,C00671,B00049,544514,2022-01-01,2022,1,Fixed Deposit,Pending,0
A00672,C00672,B00012,869150,2022-09-14,2022,9,Savings,Active,1
A00673,C00673,B00034,228791,2023-07-11,2023,7,Fixed Deposit,Closed,0
A00674,C00674,B00028,631753,2022-04-07,2022,4,Savings,Pending,1
A00675,C00675,B00039,720217,2018-10-07,2018,10,Checking,Pending,1
A00676,C00676,B00034,811321,2021-05-12,2021,5,Savings,Pending,1
A00677,C00677,B00013,617730,2016-09-01,2016,9,Savings,Active,1
A00678,C00678,B00016,253675,2019-06-26,2019,6,Checking,Closed,1
A00679,C00679,B00043,710182,2022-05-10,2022,5,Checking,Active,1
A00680,C00680,B00034,935525,2016-04-08,2016,4,Checking,Active,1
A00681,C00681,B00041,318622,2015-11-25,2015,11,Checking,Active,1
A00682,C00682,B00032,854082,2015-11-17,2015,11,Savings,Pending,1
A00683,C00683,B00009,838950,2015-11-02,2015,11,Checking,Closed,1
A00684,C00684,B00048,965203,2019-05-07,2019,5,Fixed Deposit,Active,0
A00685,C00685,B00013,528048,2017-03-30,2017,3,Checking,Pending,1
A00686,C00686,B00035,114271,2020-12-24,2020,12,Fixed Deposit,Closed,0
A00687,C00687,B00027,787748,2021-10-22,2021,10,Fixed Deposit,Pending,0
A00688,C00688,B00047,535118,2023-07-30,2023,7,Fixed Deposit,Closed,0
A00689,C00689,B00014,834804,2014-06-22,2014,6,Savings,Pending,1
A00690,C00690,B00036,783039,2016-06-13,2016,6,Fixed Deposit,Pending,0
A00691,C00691,B00037,533854,2015-07-12,2015,7,Savings,Pending,1
A00692,C00692,B00042,481359,2021-12-02,2021,12,Checking,Pending,1
A00693,C00693,B00009,958026,2020-05-23,2020,5,Savings,Closed,1
A00694,C00694,B00016,663035,2017-03-13,2017,3,Checking,Closed,1
A00695,C00695,B00013,876305,2014-06-11,2014,6,Checking,Active,1
A00696,C00696,B00024,256203,2015-01-02,2015,1,Fixed Deposit,Active,0
A00697,C00697,B00021,543893,2017-06-18,2017,6,Checking,Pending,1
A00698,C00698,B00001,700178,2018-05-30,2018,5,Fixed Deposit,Active,0
A00699,C00699,B00042,243088,2021-09-20,2021,9,Savings,Closed,1
A00700,C00700,B00029,351282,2021-02-16,2021,2,Checking,Active,1
A00701,C00701,B00038,246404,2014-09-29,2014,9,Fixed Deposit,Pending,0
A00702,C00702,B00006,533223,2021-09-25,2021,9,Checking,Active,1
A00703,C00703,B00024,135578,2014-01-11,2014,1,Savings,Pending,1
A00704,C00704,B00041,185443,2022-01-15,2022,1,Fixed Deposit,Closed,0
A00705,C00705,B00025,37924,2017-04-23,2017,4,Savings,Pending,1
A00706,C00706,B00017,736968,2016-09-13,2016,9,Savings,Pending,1
A00707,C00707,B00018,277462,2019-11-09,2019,11,Savings,Pending,1
A00708,C00708,B00032,78936,2015-02-16,2015,2,Fixed Deposit,Closed,0
A00709,C00709,B00018,310668,2022-02-09,2022,2,Fixed Deposit,Pending,0
A00710,C00710,B00028,20591,2014-10-10,2014,10,Savings,Active,1
A00711,C00711,B00035,827642,2014-06-05,2014,6,Checking,Active,1
A00712,C00712,B00008,327029,2016-02-29,2016,2,Fixed Deposit,Active,0
A00713,C00713,B00040,438971,2016-06-07,2016,6,Checking,Pending,1
A00714,C00714,B00013,532318,2021-11-22,2021,11,Savings,Closed,1
A00715,C00715,B00047,795744,2023-08-23,2023,8,Checking,Pending,1
A00716,C00716,B00044,711677,2019-09-20,2019,9,Savings,Pending,1
A00717,C00717,B00011,991911,2018-03-27,2018,3,Checking,Closed,1
A00718,C00718,B00011,630682,2019-10-07,2019,10,Savings,Closed,1
A00719,C00719,B00009,931618,2023-03-27,2023,3,Savings,Pending,1
A00720,C00720,B00015,607268,2021-03-20,2021,3,Savings,Active,1
A00721,C00721,B00030,130662,2017-02-21,2017,2,Checking,Pending,1
A00722,C00722,B00008,960317,2016-03-17,2016,3,Checking,Active,1
A00723,C00723,B00049,524125,2020-07-27,2020,7,Checking,Closed,1
A00724,C00724,B00034,649595,2023-02-28,2023,2,Fixed Deposit,Pending,0
A00725,C00725,B00008,500894,2015-12-02,2015,12,Savings,Active,1
A00726,C00726,B00010,252476,2023-04-29,2023,4,Fixed Deposit,Pending,0
A00727,C00727,B00034,985449,2015-02-24,2015,2,Fixed Deposit,Active,0
A00728,C00728,B00028,821334,2016-05-08,2016,5,Fixed Deposit,Closed,0
A00729,C00729,B00003,557247,2023-06-21,2023,6,Savings,Pending,1
A00730,C00730,B00020,902345,2019-03-16,2019,3,Checking,Pending,1
A00731,C00731,B00049,205458,2015-05-04,2015,5,Savings,Closed,1
A00732,C00732,B00008,697164,2015-05-12,2015,5,Savings,Pending,1
A00733,C00733,B00048,834710,2021-01-21,2021,1,Savings,Active,1
A00734,C00734,B00043,86605,2021-02-01,2021,2,Checking,Pending,1
A00735,C00735,B00019,150877,2022-04-05,2022,4,Savings,Pending,1
A00736,C00736,B00034,889522,2020-04-22,2020,4,Fixed Deposit,Pending,0
A00737,C00737,B00026,530564,2015-04-07,2015,4,Checking,Closed,1
A00738,C00738,B00017,22676,2015-11-19,2015,11,Savings,Closed,1
A00739,C00739,B00038,925639,2015-03-19,2015,3,Checking,Closed,1
A00740,C00740,B00031,559748,2017-12-05,2017,12,Checking,Active,1
A00741,C00741,B00044,705749,2021-06-24,2021,6,Checking,Pending,1
A00742,C00742,B00008,795205,2021-08-18,2021,8,Checking,Closed,1
A00743,C00743,B00010,383356,2014-06-06,2014,6,Checking,Active,1
A00744,C00744,B00023,745284,2015-03-19,2015,3,Checking,Pending,1
A00745,C00745,B00021,152483,2015-11-02,2015,11,Checking,Active,1
A00746,C00746,B00027,434699,2021-01-23,2021,1,Checking,Closed,1
A00747,C00747,B00034,868221,2017-04-19,2017,4,Savings,Pending,1
A00748,C00748,B00014,660168,2018-12-18,2018,12,Savings,Closed,1
A00749,C00749,B00041,864655,2019-07-30,2019,7,Fixed Deposit,Active,0
A00750,C00750,B00050,719060,2018-09-20,2018,9,Checking,Pending,1
A00751,C00751,B00036,544177,2014-01-06,2014,1,Checking,Active,1
A00752,C00752,B00001,895237,2021-04-06,2021,4,Savings,Active,1
A00753,C00753,B00033,419214,2020-12-05,2020,12,Fixed Deposit,Closed,0
A00754,C00754,B00036,158217,2017-03-02,2017,3,Fixed Deposit,Closed,0
A00755,C00755,B00024,462625,2014-06-01,2014,6,Fixed Deposit,Pending,0
A00756,C00756,B00013,826615,2016-10-22,2016,10,Checking,Active,1
A00757,C00757,B00032,583066,2015-09-10,2015,9,Fixed Deposit,Pending,0
A00758,C00758,B00028,170150,2018-07-13,2018,7,Savings,Pending,1
A00759,C00759,B00030,124502,2022-08-08,2022,8,Fixed Deposit,Closed,0
A00760,C00760,B00035,484135,2020-03-21,2020,3,Fixed Deposit,Closed,0
A00761,C00761,B00035,421091,2021-06-28,2021,6,Savings,Active,1
A00762,C00762,B00040,231605,2015-04-08,2015,4,Checking,Active,1
A00763,C00763,B00007,581350,2022-01-19,2022,1,Savings,Pending,1
A00764,C00764,B00008,794145,2023-07-18,2023,7,Checking,Closed,1
A00765,C00765,B00032,856052,2013-10-25,2013,10,Savings,Active,1
A00766,C00766,B00024,754756,2019-07-25,2019,7,Checking,Pending,1
A00767,C00767,B00041,845404,2014-11-07,2014,11,Fixed Deposit,Active,0
A00768,C00768,B00018,111856,2014-01-07,2014,1,Fixed Deposit,Closed,0
A00769,C00769,B00011,274559,2019-06-12,2019,6,Savings,Active,1
A00770,C00770,B00009,309815,2022-04-06,2022,4,Checking,Active,1
A00771,C00771,B00049,276951,2022-02-24,2022,2,Fixed Deposit,Closed,0
A00772,C00772,B00004,919724,2020-05-31,2020,5,Fixed Deposit,Active,0
A00773,C00773,B00047,831478,2020-01-07,2020,1,Checking,Active,1
A00774,C00774,B00040,389867,2020-07-23,2020,7,Checking,Active,1
A00775,C00775,B00017,632835,2016-04-06,2016,4,Checking,Closed,1
A00776,C00776,B00028,412899,2015-05-06,2015,5,Fixed Deposit,Closed,0
A00777,C00777,B00014,275585,2014-01-08,2014,1,Checking,Closed,1
A00778,C00778,B00017,859267,2021-09-21,2021,9,Fixed Deposit,Pending,0
A00779,C00779,B00003,307277,2016-12-03,2016,12,Checking,Active,1
A00780,C00780,B00043,492106,2022-03-03,2022,3,Fixed Deposit,Closed,0
A00781,C00781,B00021,255284,2019-11-01,2019,11,Checking,Closed,1
A00782,C00782,B00039,551517,2014-09-05,2014,9,Fixed Deposit,Pending,0
A00783,C00783,B00031,189114,2023-04-18,2023,4,Fixed Deposit,Closed,0
A00784,C00784,B00044,357547,2023-07-04,2023,7,Savings,Pending,1
A00785,C00785,B00035,805842,2019-03-10,2019,3,Savings,Pending,1
A00786,C00786,B00025,658601,2020-07-22,2020,7,Checking,Pending,1
A00787,C00787,B00006,529872,2016-02-09,2016,2,Fixed Deposit,Active,0
A00788,C00788,B00003,444264,2020-06-13,2020,6,Checking,Closed,1
A00789,C00789,B00042,14122,2014-02-18,2014,2,Savings,Pending,1
A00790,C00790,B00039,759781,2016-08-15,2016,8,Checking,Active,1
A00791,C00791,B00013,7524,2021-03-23,2021,3,Fixed Deposit,Active,0
A00792,C00792,B00006,339213,2016-12-10,2016,12,Fixed Deposit,Pending,0
A00793,C00793,B00017,278057,2019-10-29,2019,10,Checking,Active,1
A00794,C00794,B00045,453049,2021-12-22,2021,12,Checking,Active,1
A00795,C00795,B00044,783590,2018-10-02,2018,10,Checking,Pending,1
A00796,C00796,B00013,364926,2019-12-11,2019,12,Savings,Active,1
A00797,C00797,B00006,489707,2019-06-24,2019,6,Fixed Deposit,Pending,0
A00798,C00798,B00019,890239,2021-08-21,2021,8,Savings,Active,1
A00799,C00799,B00040,698535,2022-12-08,2022,12,Fixed Deposit,Closed,0
A00800,C00800,B00035,297150,2018-06-03,2018,6,Checking,Closed,1
A00801,C00801,B00029,918292,2017-05-25,2017,5,Checking,Active,1
A00802,C00802,B00033,203203,2016-03-01,2016,3,Fixed Deposit,Active,0
A00803,C00803,B00038,429890,2021-05-13,2021,5,Fixed Deposit,Active,0
A00804,C00804,B00045,39507,2014-09-30,2014,9,Savings,Pending,1
A00805,C00805,B00049,32237,2020-01-28,2020,1,Checking,Active,1
A00806,C00806,B00024,963194,2015-01-24,2015,1,Savings,Pending,1
A00807,C00807,B00012,504666,2015-12-28,2015,12,Checking,Closed,1
A00808,C00808,B00049,506324,2015-01-16,2015,1,Fixed Deposit,Active,0
A00809,C00809,B00018,47584,2019-03-07,2019,3,Checking,Active,1
A00810,C00810,B00021,109274,2023-08-17,2023,8,Fixed Deposit,Closed,0
A00811,C00811,B00020,804304,2021-06-23,2021,6,Savings,Closed,1
A00812,C00812,B00004,824471,2016-10-05,2016,10,Checking,Active,1
A00813,C00813,B00021,920924,2014-06-17,2014,6,Savings,Pending,1
A00814,C00814,B00048,600515,2021-07-13,2021,7,Fixed Deposit,Closed,0
A00815,C00815,B00009,632070,2014-04-18,2014,4,Checking,Active,1
A00816,C00816,B00033,274584,2023-02-27,2023,2,Checking,Pending,1
A00817,C00817,B00036,144451,2021-02-02,2021,2,Fixed Deposit,Closed,0
A00818,C00818,B00022,101770,2022-03-13,2022,3,Checking,Closed,1
A00819,C00819,B00007,735166,2017-12-25,2017,12,Checking,Active,1
A00820,C00820,B00012,244854,2023-06-25,2023,6,Checking,Active,1
A00821,C00821,B00006,305882,2018-01-23,2018,1,Checking,Pending,1
A00822,C00822,B00038,894,2022-09-29,2022,9,Checking,Pending,1
A00823,C00823,B00043,303232,2014-05-29,2014,5,Fixed Deposit,Pending,0
A00824,C00824,B00037,463075,2022-04-27,2022,4,Fixed Deposit,Active,0
A00825,C00825,B00031,385612,2015-11-01,2015,11,Savings,Pending,1
A00826,C00826,B00039,373968,2019-10-25,2019,10,Checking,Closed,1
A00827,C00827,B00008,208052,2017-12-20,2017,12,Fixed Deposit,Active,0
A00828,C00828,B00043,843041,2014-04-02,2014,4,Checking,Pending,1
A00829,C00829,B00030,590455,2021-09-24,2021,9,Checking,Active,1
A00830,C00830,B00011,660842,2023-06-28,2023,6,Checking,Closed,1
A00831,C00831,B00031,352212,2021-01-28,2021,1,Savings,Active,1
A00832,C00832,B00003,306024,2019-05-18,2019,5,Savings,Active,1
A00833,C00833,B00036,42874,2019-07-10,2019,7,Savings,Active,1
A00834,C00834,B00036,921389,2014-06-14,2014,6,Checking,Pending,1
A00835,C00835,B00001,45305,2016-07-17,2016,7,Savings,Closed,1
A00836,C00836,B00014,792089,2015-01-16,2015,1,Checking,Closed,1
A00837,C00837,B00006,200807,2020-06-18,2020,6,Fixed Deposit,Pending,0
A00838,C00838,B00048,362128,2016-01-24,2016,1,Fixed Deposit,Pending,0
A00839,C00839,B00044,52291,2022-05-08,2022,5,Fixed Deposit,Active,0
A00840,C00840,B00011,420778,2020-02-20,2020,2,Checking,Active,1
A00841,C00841,B00024,904114,2018-11-18,2018,11,Savings,Pending,1
A00842,C00842,B00043,888282,2013-11-25,2013,11,Fixed Deposit,Pending,0
A00843,C00843,B00040,505387,2023-05-15,2023,5,Fixed Deposit,Closed,0
A00844,C00844,B00010,648504,2015-04-15,2015,4,Savings,Pending,1
A00845,C00845,B00047,313108,2020-09-08,2020,9,Checking,Active,1
A00846,C00846,B00050,805584,2018-11-25,2018,11,Fixed Deposit,Closed,0
A00847,C00847,B00043,956206,2021-12-14,2021,12,Savings,Pending,1
A00848,C00848,B00022,283922,2022-08-09,2022,8,Checking,Pending,1
A00849,C00849,B00018,538968,2014-02-13,2014,2,Checking,Closed,1
A00850,C00850,B00026,597467,2017-09-12,2017,9,Fixed Deposit,Pending,0
A00851,C00851,B00035,151790,2021-12-06,2021,12,Savings,Closed,1
A00852,C00852,B00012,65408,2021-08-27,2021,8,Checking,Pending,1
A00853,C00853,B00045,406395,2021-12-31,2021,12,Checking,Pending,1
A00854,C00854,B00008,592645,2014-09-05,2014,9,Savings,Active,1
A00855,C00855,B00039,245375,2021-02-16,2021,2,Savings,Pending,1
A00856,C00856,B00048,608424,2018-08-02,2018,8,Fixed Deposit,Pending,0
A00857,C00857,B00003,520474,2019-10-21,2019,10,Checking,Closed,1
A00858,C00858,B00039,332708,2019-07-27,2019,7,Fixed Deposit,Active,0
A00859,C00859,B00019,923969,2015-05-07,2015,5,Checking,Pending,1
A00860,C00860,B00042,727816,2018-06-20,2018,6,Savings,Active,1
A00861,C00861,B00025,671725,2017-12-16,2017,12,Checking,Active,1
A00862,C00862,B00020,267581,2020-03-07,2020,3,Savings,Closed,1
A00863,C00863,B00022,8180,2023-03-25,2023,3,Checking,Pending,1
A00864,C00864,B00020,15806,2022-11-12,2022,11,Checking,Closed,1
A00865,C00865,B00019,742224,2015-07-21,2015,7,Fixed Deposit,Active,0
A00866,C00866,B00014,889857,2014-02-27,2014,2,Savings,Active,1
A00867,C00867,B00003,387504,2018-07-11,2018,7,Fixed Deposit,Closed,0
A00868,C00868,B00011,602447,2023-05-13,2023,5,Fixed Deposit,Closed,0
A00869,C00869,B00043,876613,2018-07-31,2018,7,Savings,Pending,1
A00870,C00870,B00007,674671,2022-01-04,2022,1,Fixed Deposit,Closed,0
A00871,C00871,B00036,764783,2016-06-03,2016,6,Savings,Pending,1
A00872,C00872,B00032,26896,2014-10-26,2014,10,Fixed Deposit,Pending,0
A00873,C00873,B00016,832276,2021-01-20,2021,1,Checking,Pending,1
A00874,C00874,B00044,576432,2015-03-10,2015,3,Savings,Closed,1
A00875,C00875,B00044,801506,2021-06-07,2021,6,Checking,Closed,1
A00876,C00876,B00033,576114,2017-03-20,2017,3,Fixed Deposit,Pending,0
A00877,C00877,B00033,598263,2019-08-22,2019,8,Savings,Closed,1
A00878,C00878,B00007,591200,2013-12-25,2013,12,Savings,Active,1
A00879,C00879,B00006,879142,2017-05-24,2017,5,Savings,Active,1
A00880,C00880,B00023,199285,2021-03-19,2021,3,Fixed Deposit,Pending,0
A00881,C00881,B00020,431008,2021-11-12,2021,11,Fixed Deposit,Closed,0
A00882,C00882,B00003,414852,2022-12-30,2022,12,Fixed Deposit,Active,0
A00883,C00883,B00006,892368,2019-10-09,2019,10,Savings,Pending,1
A00884,C00884,B00038,277363,2018-10-02,2018,10,Checking,Closed,1
A00885,C00885,B00015,355462,2022-05-18,2022,5,Checking,Active,1
A00886,C00886,B00002,481231,2021-02-14,2021,2,Savings,Closed,1
A00887,C00887,B00017,499623,2018-02-25,2018,2,Savings,Active,1
A00888,C00888,B00033,99449,2022-09-04,2022,9,Fixed Deposit,Active,0
A00889,C00889,B00007,338475,2020-01-12,2020,1,Fixed Deposit,Active,0
A00890,C00890,B00021,91683,2014-08-09,2014,8,Fixed Deposit,Active,0
A00891,C00891,B00019,824249,2023-03-23,2023,3,Fixed Deposit,Pending,0
A00892,C00892,B00049,542532,2021-06-02,2021,6,Fixed Deposit,Active,0
A00893,C00893,B00008,135123,2021-11-09,2021,11,Checking,Active,1
A00894,C00894,B00044,158658,2019-08-21,2019,8,Savings,Closed,1
A00895,C00895,B00030,835596,2020-03-12,2020,3,Fixed Deposit,Pending,0
A00896,C00896,B00020,121560,2021-10-31,2021,10,Fixed Deposit,Active,0
A00897,C00897,B00047,767790,2018-03-02,2018,3,Savings,Pending,1
A00898,C00898,B00036,596471,2019-07-12,2019,7,Fixed Deposit,Closed,0
A00899,C00899,B00025,853312,2014-07-10,2014,7,Savings,Active,1
A00900,C00900,B00022,450109,2020-08-02,2020,8,Checking,Pending,1
A00901,C00901,B00047,509058,2022-08-23,2022,8,Fixed Deposit,Closed,0
A00902,C00902,B00007,980674,2019-01-28,2019,1,Fixed Deposit,Closed,0
A00903,C00903,B00017,811258,2022-06-28,2022,6,Checking,Closed,1
A00904,C00904,B00041,574924,2017-04-28,2017,4,Savings,Closed,1
A00905,C00905,B00019,39327,2019-04-12,2019,4,Savings,Pending,1
A00906,C00906,B00027,100287,2022-01-24,2022,1,Savings,Pending,1
A00907,C00907,B00011,5566,2017-09-17,2017,9,Checking,Closed,1
A00908,C00908,B00049,712115,2015-03-22,2015,3,Fixed Deposit,Pending,0
A00909,C00909,B00002,237925,2019-05-06,2019,5,Fixed Deposit,Active,0
A00910,C00910,B00050,532487,2020-05-24,2020,5,Fixed Deposit,Active,0
A00911,C00911,B00049,311271,2020-11-13,2020,11,Fixed Deposit,Active,0
A00912,C00912,B00042,907474,2015-01-29,2015,1,Checking,Pending,1
A00913,C00913,B00002,506089,2023-05-14,2023,5,Fixed Deposit,Active,0
A00914,C00914,B00029,783469,2018-09-13,2018,9,Checking,Active,1
A00915,C00915,B00029,913183,2016-11-16,2016,11,Savings,Pending,1
A00916,C00916,B00039,249866,2014-06-20,2014,6,Checking,Closed,1
A00917,C00917,B00018,439556,2014-11-27,2014,11,Checking,Closed,1
A00918,C00918,B00019,616420,2022-06-15,2022,6,Fixed Deposit,Active,0
A00919,C00919,B00007,889821,2021-04-18,2021,4,Fixed Deposit,Active,0
A00920,C00920,B00028,513958,2022-10-10,2022,10,Fixed Deposit,Active,0
A00921,C00921,B00023,635665,2019-11-22,2019,11,Savings,Active,1
A00922,C00922,B00008,788825,2016-06-23,2016,6,Fixed Deposit,Active,0
A00923,C00923,B00034,366758,2021-05-05,2021,5,Fixed Deposit,Pending,0
A00924,C00924,B00049,63579,2022-05-27,2022,5,Savings,Closed,1
A00925,C00925,B00006,324319,2022-04-02,2022,4,Checking,Active,1
A00926,C00926,B00043,374554,2020-09-20,2020,9,Checking,Pending,1
A00927,C00927,B00044,317121,2016-05-11,2016,5,Fixed Deposit,Active,0
A00928,C00928,B00014,851869,2014-01-22,2014,1,Checking,Active,1
A00929,C00929,B00043,66434,2020-04-10,2020,4,Checking,Pending,1
A00930,C00930,B00050,504341,2014-11-06,2014,11,Fixed Deposit,Closed,0
A00931,C00931,B00021,724690,2016-07-04,2016,7,Checking,Closed,1
A00932,C00932,B00028,451148,2022-05-21,2022,5,Fixed Deposit,Active,0
A00933,C00933,B00028,515830,2020-08-09,2020,8,Checking,Closed,1
A00934,C00934,B00034,850863,2018-12-31,2018,12,Savings,Pending,1
A00935,C00935,B00032,474265,2017-01-16,2017,1,Savings,Closed,1
A00936,C00936,B00023,986390,2021-06-23,2021,6,Fixed Deposit,Active,0
A00937,C00937,B00034,280017,2015-01-28,2015,1,Checking,Active,1
A00938,C00938,B00022,247677,2015-01-27,2015,1,Checking,Pending,1
A00939,C00939,B00024,168297,2015-09-01,2015,9,Checking,Active,1
A00940,C00940,B00042,53669,2014-11-16,2014,11,Fixed Deposit,Pending,0
A00941,C00941,B00043,825123,2014-12-31,2014,12,Savings,Pending,1
A00942,C00942,B00028,670439,2014-04-21,2014,4,Checking,Closed,1
A00943,C00943,B00020,419947,2019-06-11,2019,6,Fixed Deposit,Pending,0
A00944,C00944,B00017,296527,2018-04-10,2018,4,Fixed Deposit,Closed,0
A00945,C00945,B00008,297957,2022-12-24,2022,12,Checking,Active,1
A00946,C00946,B00039,573440,2018-09-23,2018,9,Checking,Closed,1
A00947,C00947,B00038,105220,2015-09-14,2015,9,Checking,Pending,1
A00948,C00948,B00032,185336,2019-10-31,2019,10,Checking,Pending,1
A00949,C00949,B00024,684312,2014-02-28,2014,2,Checking,Active,1
A00950,C00950,B00004,137528,2014-08-10,2014,8,Checking,Pending,1
A00951,C00951,B00002,470771,2015-12-08,2015,12,Fixed Deposit,Active,0
A00952,C00952,B00034,657641,2018-05-08,2018,5,Savings,Active,1
A00953,C00953,B00047,633613,2020-07-27,2020,7,Checking,Closed,1
A00954,C00954,B00020,738833,2018-04-27,2018,4,Checking,Active,1
A00955,C00955,B00047,353045,2017-05-12,2017,5,Fixed Deposit,Pending,0
A00956,C00956,B00044,24450,2017-03-30,2017,3,Checking,Closed,1
A00957,C00957,B00005,772987,2021-01-04,2021,1,Fixed Deposit,Active,0
A00958,C00958,B00026,659673,2021-04-08,2021,4,Savings,Pending,1
A00959,C00959,B00044,262188,2021-08-17,2021,8,Checking,Pending,1
A00960,C00960,B00039,815225,2013-12-02,2013,12,Fixed Deposit,Closed,0
A00961,C00961,B00012,920995,2023-02-08,2023,2,Checking,Active,1
A00962,C00962,B00018,910159,2018-05-28,2018,5,Fixed Deposit,Pending,0
A00963,C00963,B00049,46618,2022-11-29,2022,11,Savings,Closed,1
A00964,C00964,B00029,543549,2016-05-01,2016,5,Checking,Active,1
A00965,C00965,B00012,46479,2013-11-04,2013,11,Savings,Closed,1
A00966,C00966,B00038,368709,2019-05-11,2019,5,Fixed Deposit,Closed,0
A00967,C00967,B00035,212369,2017-08-26,2017,8,Checking,Active,1
A00968,C00968,B00028,157607,2023-03-21,2023,3,Savings,Pending,1
A00969,C00969,B00039,710980,2014-03-24,2014,3,Fixed Deposit,Pending,0
A00970,C00970,B00026,871946,2020-03-05,2020,3,Checking,Active,1
A00971,C00971,B00027,197047,2019-03-12,2019,3,Checking,Closed,1
A00972,C00972,B00011,728146,2014-04-03,2014,4,Fixed Deposit,Pending,0
A00973,C00973,B00035,804348,2014-08-22,2014,8,Fixed Deposit,Closed,0
A00974,C00974,B00027,141943,2014-04-19,2014,4,Fixed Deposit,Pending,0
A00975,C00975,B00039,475502,2019-02-18,2019,2,Savings,Closed,1
A00976,C00976,B00022,685449,2016-10-25,2016,10,Fixed Deposit,Closed,0
A00977,C00977,B00042,964410,2018-07-03,2018,7,Fixed Deposit,Closed,0
A00978,C00978,B00031,707470,2021-06-06,2021,6,Savings,Active,1
A00979,C00979,B00006,996769,2022-08-30,2022,8,Fixed Deposit,Pending,0
A00980,C00980,B00007,14188,2014-03-28,2014,3,Fixed Deposit,Closed,0
A00981,C00981,B00037,713930,2021-08-17,2021,8,Checking,Active,1
A00982,C00982,B00037,422934,2022-06-11,2022,6,Savings,Active,1
A00983,C00983,B00039,119409,2022-07-16,2022,7,Savings,Active,1
A00984,C00984,B00020,600366,2022-09-13,2022,9,Savings,Closed,1
A00985,C00985,B00047,903787,2020-05-17,2020,5,Savings,Pending,1
A00986,C00986,B00038,966493,2018-12-07,2018,12,Checking,Pending,1
A00987,C00987,B00031,577227,2019-02-02,2019,2,Fixed Deposit,Active,0
A00988,C00988,B00026,494431,2020-12-22,2020,12,Checking,Active,1
A00989,C00989,B00046,365273,2021-08-31,2021,8,Fixed Deposit,Active,0
A00990,C00990,B00023,977533,2018-09-20,2018,9,Savings,Pending,1
A00991,C00991,B00022,671134,2016-06-28,2016,6,Checking,Closed,1
A00992,C00992,B00007,904654,2016-01-30,2016,1,Fixed Deposit,Closed,0
A00993,C00993,B00013,114510,2020-11-22,2020,11,Savings,Closed,1
A00994,C00994,B00034,695934,2014-03-16,2014,3,Checking,Closed,1
A00995,C00995,B00026,696251,2018-11-15,2018,11,Savings,Active,1
A00996,C00996,B00031,792050,2023-03-27,2023,3,Fixed Deposit,Active,0
A00997,C00997,B00022,670378,2017-12-21,2017,12,Checking,Active,1
A00998,C00998,B00004,951100,2013-11-15,2013,11,Savings,Pending,1
A00999,C00999,B00048,825454,2017-11-04,2017,11,Savings,Active,1
A01000,C01000,B00049,43474,2015-01-10,2015,1,Savings,Closed,1
