loan_id,customer_id,branch_id,loan_amount
L00001,C00341,B00033,6411642
L00002,C00344,B00009,7470012
L00003,C00551,B00028,3698741
L00004,C00974,B00004,7179821
L00005,C00097,B00022,8802165
L00006,C00796,B00017,8080934
L00007,C00032,B00046,194330
L00008,C00837,B00029,5831132
L00009,C00592,B00045,9990503
L00010,C00068,B00031,6950491
L00011,C00903,B00026,6844929
L00012,C00061,B00040,8830159
L00013,C00931,B00005,3289388
L00014,C00123,B00011,9179391
L00015,C00472,B00037,4527157
L00016,C00234,B00027,5514197
L00017,C00308,B00012,2882217
L00018,C00474,B00027,1805878
L00019,C00320,B00002,2229800
L00020,C00362,B00021,7767855
L00021,C00191,B00044,550458
L00022,C00780,B00009,7736110
L00023,C00367,B00028,1211804
L00024,C00065,B00027,7989923
L00025,C00218,B00041,1960183
L00026,C00003,B00023,4600503
L00027,C00914,B00019,3426095
L00028,C00588,B00010,8683619
L00029,C00370,B00041,5828369
L00030,C00303,B00018,8146064
L00031,C00386,B00040,1177728
L00032,C00585,B00049,8858590
L00033,C00992,B00047,1090905
L00034,C00733,B00047,2386076
L00035,C00363,B00016,3067949
L00036,C00677,B00013,1445298
L00037,C00625,B00014,456021
L00038,C00316,B00023,7310232
L00039,C00513,B00031,7960395
L00040,C00332,B00014,4337724
L00041,C00772,B00041,1609094
L00042,C00136,B00046,5435211
L00043,C00656,B00020,7918529
L00044,C00946,B00033,7348617
L00045,C00391,B00034,6117505
L00046,C00300,B00044,4085396
L00047,C00057,B00036,3502629
L00048,C00950,B00044,5443163
L00049,C00052,B00009,5270078
L00050,C00610,B00046,8091459
L00051,C00049,B00010,8188634
L00052,C00962,B00031,8754024
L00053,C00175,B00028,551776
L00054,C00791,B00005,5931966
L00055,C00214,B00041,4715178
L00056,C00986,B00001,5364673
L00057,C00705,B00044,5675019
L00058,C00640,B00001,5650127
L00059,C00263,B00003,9272674
L00060,C00349,B00018,2590634
L00061,C00092,B00047,4384952
L00062,C00511,B00047,636891
L00063,C00955,B00014,2643081
L00064,C00861,B00005,2990574
L00065,C00938,B00022,1091366
L00066,C00238,B00006,3668995
L00067,C00564,B00004,5964486
L00068,C00839,B00001,3541640
L00069,C00778,B00023,5779239
L00070,C00945,B00005,3740415
L00071,C00216,B00045,2805117
L00072,C00139,B00002,9947049
L00073,C00458,B00008,8922638
L00074,C00279,B00007,5338116
L00075,C00841,B00011,2458836
L00076,C00997,B00021,2983682
L00077,C00747,B00023,3594985
L00078,C00122,B00035,8500700
L00079,C00508,B00004,3161150
L00080,C00186,B00037,2241766
L00081,C00627,B00048,4258805
L00082,C00426,B00018,7505736
L00083,C00749,B00014,3265082
L00084,C00226,B00048,8344205
L00085,C00686,B00005,2031299
L00086,C00455,B00039,1166943
L00087,C00051,B00023,9699074
L00088,C00151,B00016,7945069
L00089,C00423,B00050,409676
L00090,C00552,B00013,9260645
L00091,C00242,B00039,144078
L00092,C00376,B00019,6556505
L00093,C00524,B00036,3953293
L00094,C00330,B00041,653621
L00095,C00274,B00035,808086
L00096,C00540,B00005,8512618
L00097,C00338,B00010,3755725
L00098,C00988,B00022,6538833
L00099,C00359,B00029,3699868
L00100,C00849,B00050,8083587
L00101,C00537,B00035,5665817
L00102,C00204,B00009,5301178
L00103,C00228,B00015,5060788
L00104,C00160,B00026,773990
L00105,C00547,B00009,471970
L00106,C00305,B00027,6629976
L00107,C00512,B00048,9687831
L00108,C00278,B00011,2540369
L00109,C00319,B00014,261694
L00110,C00935,B00016,8053426
L00111,C00877,B00018,5212600
L00112,C00231,B00029,5942003
L00113,C00561,B00048,219149
L00114,C00478,B00012,4021540
L00115,C00029,B00033,5730149
L00116,C00190,B00022,1409555
L00117,C00084,B00019,6887339
L00118,C00440,B00006,8032484
L00119,C00549,B00047,4781577
L00120,C00815,B00027,9364701
L00121,C00074,B00037,1509258
L00122,C00672,B00048,7797073
L00123,C00102,B00012,7163230
L00124,C00833,B00037,1896386
L00125,C00093,B00001,375700
L00126,C00253,B00009,7767952
L00127,C00734,B00018,8620845
L00128,C00133,B00010,7633409
L00129,C00667,B00044,5574246
L00130,C00802,B00020,5252787
L00131,C00904,B00004,6407951
L00132,C00605,B00039,6211533
L00133,C00973,B00011,3635764
L00134,C00658,B00023,8161926
L00135,C00972,B00010,2997150
L00136,C00485,B00007,6753867
L00137,C00527,B00039,3256864
L00138,C00031,B00006,50973
L00139,C00926,B00039,1488290
L00140,C00724,B00050,4981533
L00141,C00224,B00013,9009884
L00142,C00602,B00039,548737
L00143,C00351,B00035,4043106
L00144,C00108,B00035,3192074
L00145,C00545,B00032,5599840
L00146,C00936,B00016,5006866
L00147,C00971,B00033,7365937
L00148,C00336,B00002,9092574
L00149,C00480,B00017,9263424
L00150,C00247,B00025,1126694
L00151,C00016,B00042,2483094
L00152,C00314,B00047,225786
L00153,C00222,B00050,9808661
L00154,C00933,B00040,6485809
L00155,C00064,B00036,605593
L00156,C00021,B00034,4182701
L00157,C00034,B00014,1237414
L00158,C00304,B00048,9972186
L00159,C00622,B00038,423553
L00160,C00834,B00018,9801898
L00161,C00378,B00031,996698
L00162,C00437,B00014,3539235
L00163,C00366,B00009,3280650
L00164,C00125,B00011,3213118
L00165,C00953,B00050,2648491
L00166,C00660,B00021,2042525
L00167,C00836,B00011,448951
L00168,C00446,B00012,5053004
L00169,C00013,B00004,4757387
L00170,C00632,B00004,7739709
L00171,C00634,B00034,1408756
L00172,C00241,B00038,7559499
L00173,C00046,B00019,3458325
L00174,C00843,B00041,7255236
L00175,C00866,B00023,7363706
L00176,C00220,B00045,1421971
L00177,C00085,B00025,1446592
L00178,C00968,B00035,3369246
L00179,C00454,B00050,3082351
L00180,C00659,B00048,8802441
L00181,C00264,B00041,6140665
L00182,C00033,B00037,7316061
L00183,C00018,B00039,3819251
L00184,C00086,B00007,7249491
L00185,C00135,B00005,5666213
L00186,C00153,B00042,3238885
L00187,C00706,B00002,4517968
L00188,C00940,B00039,143256
L00189,C00384,B00031,7735656
L00190,C00948,B00044,5137107
L00191,C00095,B00039,4728242
L00192,C00927,B00017,2806956
L00193,C00450,B00042,6606388
L00194,C00853,B00037,3260168
L00195,C00838,B00014,4182727
L00196,C00078,B00020,679675
L00197,C00587,B00045,1562252
L00198,C00182,B00002,1887270
L00199,C00317,B00010,4439453
L00200,C00155,B00021,1288268
L00201,C00452,B00017,3900977
L00202,C00577,B00034,4932769
L00203,C00438,B00033,3376916
L00204,C00949,B00004,9225677
L00205,C00767,B00011,8777893
L00206,C00863,B00005,5612360
L00207,C00180,B00018,8463744
L00208,C00323,B00023,2587520
L00209,C00193,B00020,1645972
L00210,C00650,B00001,2063150
L00211,C00201,B00024,9540513
L00212,C00840,B00006,8309955
L00213,C00260,B00023,8525432
L00214,C00424,B00007,4505684
L00215,C00219,B00020,5155730
L00216,C00645,B00014,7961086
L00217,C00883,B00049,8542409
L00218,C00001,B00025,7799194
L00219,C00212,B00042,1912222
L00220,C00620,B00045,2448215
L00221,C00356,B00006,2495554
L00222,C00522,B00019,1474437
L00223,C00704,B00015,9663582
L00224,C00746,B00010,6623691
L00225,C00908,B00043,2653057
L00226,C00999,B00009,786795
L00227,C00505,B00026,2525357
L00228,C00915,B00030,9367816
L00229,C00490,B00025,6247819
L00230,C00377,B00047,3121665
L00231,C00708,B00044,9737273
L00232,C00665,B00010,872831
L00233,C00661,B00027,7759526
L00234,C00380,B00005,6746383
L00235,C00860,B00005,9001821
L00236,C00081,B00005,710946
L00237,C00194,B00008,8651993
L00238,C00653,B00009,3941297
L00239,C00434,B00004,4885745
L00240,C00964,B00018,2825797
L00241,C00259,B00029,3974074
L00242,C00296,B00028,4026618
L00243,C00695,B00050,8508784
L00244,C00707,B00005,3497432
L00245,C00910,B00034,3208279
L00246,C00870,B00046,6606539
L00247,C00037,B00029,3239250
L00248,C00043,B00030,6250269
L00249,C00776,B00008,1427957
L00250,C00963,B00007,4786640
L00251,C00152,B00016,5021930
L00252,C00880,B00009,4459619
L00253,C00394,B00034,1371758
L00254,C00116,B00016,7349141
L00255,C00235,B00049,2861517
L00256,C00542,B00030,7803179
L00257,C00070,B00030,4175936
L00258,C00149,B00041,7896441
L00259,C00888,B00022,3338532
L00260,C00907,B00043,5583877
L00261,C00067,B00040,9164780
L00262,C00127,B00025,2538129
L00263,C00288,B00020,9325703
L00264,C00835,B00027,9994199
L00265,C00309,B00025,7694263
L00266,C00287,B00021,9935534
L00267,C00673,B00028,8603024
L00268,C00782,B00018,853568
L00269,C00558,B00010,2116991
L00270,C00098,B00025,2732407
L00271,C00045,B00003,380134
L00272,C00414,B00021,2627938
L00273,C00771,B00043,5342256
L00274,C00687,B00040,710499
L00275,C00909,B00046,4603156
L00276,C00225,B00050,8976041
L00277,C00743,B00003,3730722
L00278,C00726,B00011,6869194
L00279,C00348,B00029,5879725
L00280,C00596,B00008,4435258
L00281,C00663,B00017,243927
L00282,C00639,B00030,6904826
L00283,C00858,B00045,4024372
L00284,C00272,B00001,501676
L00285,C00114,B00023,6764418
L00286,C00925,B00039,8676685
L00287,C00615,B00044,5572928
L00288,C00750,B00022,4099271
L00289,C00202,B00029,9554806
L00290,C00148,B00032,6773476
L00291,C00118,B00039,5992384
L00292,C00413,B00006,601951
L00293,C00302,B00041,7599896
L00294,C00181,B00043,4526087
L00295,C00612,B00048,8996243
L00296,C00599,B00040,5058303
L00297,C00957,B00037,2951770
L00298,C00307,B00020,5896737
L00299,C00607,B00003,2195531
L00300,C00251,B00032,6999280
L00301,C00350,B00027,9244133
L00302,C00276,B00020,6400750
L00303,C00731,B00034,7759438
L00304,C00794,B00030,7709442
L00305,C00267,B00047,4286693
L00306,C00335,B00024,5948883
L00307,C00763,B00033,4934415
L00308,C00657,B00048,6162676
L00309,C00680,B00016,6720877
L00310,C00099,B00039,460677
L00311,C00107,B00039,1276192
L00312,C00822,B00041,8848629
L00313,C00112,B00027,8137845
L00314,C00608,B00021,2809823
L00315,C00313,B00024,4943688
L00316,C00188,B00023,9039154
L00317,C00637,B00020,2772503
L00318,C00291,B00012,7321602
L00319,C00887,B00016,1639478
L00320,C00852,B00033,7356066
L00321,C00286,B00047,7108304
L00322,C00891,B00046,234888
L00323,C00354,B00032,996971
L00324,C00818,B00043,7309427
L00325,C00448,B00022,6155443
L00326,C00493,B00030,3026026
L00327,C00918,B00021,7566541
L00328,C00804,B00035,8102368
L00329,C00015,B00008,3238810
L00330,C00821,B00039,4966367
L00331,C00732,B00006,2582374
L00332,C00503,B00036,4278329
L00333,C00681,B00018,4337752
L00334,C00814,B00027,4523226
L00335,C00745,B00017,2848103
L00336,C00987,B00011,5425169
L00337,C00101,B00010,6017282
L00338,C00076,B00047,1963228
L00339,C00072,B00017,7778957
L00340,C00624,B00047,2953803
L00341,C00557,B00003,8308165
L00342,C00396,B00047,722624
L00343,C00281,B00012,5020678
L00344,C00361,B00034,1640792
L00345,C00002,B00011,8190077
L00346,C00669,B00041,5580375
L00347,C00047,B00023,6242047
L00348,C00285,B00029,1415593
L00349,C00872,B00016,7212010
L00350,C00177,B00017,6987901
L00351,C00774,B00026,5677907
L00352,C00402,B00039,5822559
L00353,C00827,B00017,2193516
L00354,C00781,B00018,5067379
L00355,C00496,B00031,4149267
L00356,C00990,B00030,3468272
L00357,C00470,B00007,6088787
L00358,C00213,B00042,1151580
L00359,C00924,B00005,5516788
L00360,C00735,B00038,4405520
L00361,C00683,B00041,2116791
L00362,C00258,B00007,687404
L00363,C00500,B00033,7970168
L00364,C00874,B00040,9102259
L00365,C00129,B00012,8316460
L00366,C00262,B00028,845675
L00367,C00484,B00015,9409451
L00368,C00528,B00050,2044564
L00369,C00449,B00004,4035061
L00370,C00606,B00032,9672927
L00371,C00758,B00001,1351183
L00372,C00475,B00031,9639215
L00373,C00845,B00039,9145351
L00374,C00765,B00023,1005614
L00375,C00516,B00043,6149225
L00376,C00976,B00003,2932096
L00377,C00795,B00038,7081525
L00378,C00824,B00003,7382593
L00379,C00217,B00045,601310
L00380,C00044,B00021,9835708
L00381,C00073,B00002,4817071
L00382,C00523,B00031,2546279
L00383,C00050,B00039,8906264
L00384,C00996,B00005,4612756
L00385,C00651,B00006,7925886
L00386,C00465,B00009,7866286
L00387,C00801,B00043,673387
L00388,C00195,B00008,7290743
L00389,C00143,B00030,382920
L00390,C00237,B00036,8480067
L00391,C00365,B00030,5719188
L00392,C00203,B00006,4031374
L00393,C00164,B00005,9333302
L00394,C00797,B00018,369837
L00395,C00515,B00004,3479894
L00396,C00642,B00001,1284123
L00397,C00395,B00042,8020687
L00398,C00562,B00015,159208
L00399,C00989,B00043,5867847
L00400,C00131,B00015,9154822
L00401,C00560,B00030,1451150
L00402,C00038,B00015,8859429
L00403,C00249,B00004,3942603
L00404,C00460,B00017,5086945
L00405,C00331,B00007,6689056
L00406,C00655,B00047,5601882
L00407,C00807,B00008,7960813
L00408,C00312,B00049,3665044
L00409,C00265,B00047,3241397
L00410,C00916,B00047,6339910
L00411,C00816,B00007,1259615
L00412,C00020,B00048,7583436
L00413,C00162,B00046,3776666
L00414,C00230,B00043,4496534
L00415,C00788,B00026,4056418
L00416,C00159,B00018,4935759
L00417,C00256,B00001,8567088
L00418,C00388,B00007,5328450
L00419,C00529,B00014,6414090
L00420,C00381,B00017,7848088
L00421,C00753,B00036,6533001
L00422,C00324,B00019,555152
L00423,C00966,B00046,1516862
L00424,C00273,B00004,3727040
L00425,C00168,B00032,3367026
L00426,C00368,B00012,4611815
L00427,C00132,B00037,5074396
L00428,C00614,B00049,8628588
L00429,C00589,B00039,6317489
L00430,C00520,B00035,2798492
L00431,C00868,B00013,5065169
L00432,C00934,B00013,6618998
L00433,C00892,B00020,8521701
L00434,C00738,B00034,3896888
L00435,C00917,B00005,214840
L00436,C00633,B00046,8908918
L00437,C00318,B00007,5221935
L00438,C00289,B00042,1003917
L00439,C00944,B00029,7086805
L00440,C00675,B00035,3659058
L00441,C00792,B00040,5680357
L00442,C00240,B00031,3752940
L00443,C00806,B00013,6083958
L00444,C00387,B00018,1879614
L00445,C00328,B00009,8286695
L00446,C00243,B00043,6193013
L00447,C00719,B00007,2593757
L00448,C00826,B00008,3639390
L00449,C00077,B00036,3153242
L00450,C00947,B00015,9802920
L00451,C00017,B00007,3966487
L00452,C00859,B00016,8233221
L00453,C00544,B00041,1681036
L00454,C00459,B00041,2966001
L00455,C00941,B00002,5500969
L00456,C00881,B00039,4526152
L00457,C00578,B00026,9736808
L00458,C00700,B00049,575627
L00459,C00905,B00019,9365260
L00460,C00530,B00017,9874407
L00461,C00897,B00043,1965615
L00462,C00477,B00029,9522866
L00463,C00360,B00030,4267791
L00464,C00200,B00038,6191481
L00465,C00022,B00010,4513842
L00466,C00889,B00025,3851731
L00467,C00245,B00042,990091
L00468,C00254,B00010,3079744
L00469,C01000,B00042,4498839
L00470,C00352,B00043,612819
L00471,C00559,B00044,8051960
L00472,C00340,B00034,3977832
L00473,C00932,B00035,6321199
L00474,C00601,B00003,8915008
L00475,C00124,B00020,3523512
L00476,C00488,B00016,3072710
L00477,C00666,B00033,5359520
L00478,C00028,B00010,1116682
L00479,C00568,B00032,4352800
L00480,C00699,B00028,9173277
L00481,C00647,B00019,7336264
L00482,C00920,B00007,8211812
L00483,C00431,B00035,9761315
L00484,C00591,B00005,5107994
L00485,C00885,B00031,5002962
L00486,C00619,B00045,9426289
L00487,C00207,B00001,9619271
L00488,C00817,B00034,4574818
L00489,C00954,B00004,1872253
L00490,C00981,B00032,6064174
L00491,C00715,B00013,4659619
L00492,C00192,B00023,2847568
L00493,C00979,B00006,4313794
L00494,C00382,B00025,6762503
L00495,C00497,B00001,1793927
L00496,C00754,B00035,9803734
L00497,C00208,B00021,8541952
L00498,C00393,B00022,8049699
L00499,C00089,B00004,8191998
L00500,C00094,B00041,2769053
L00501,C00118,B00032,5957087
L00502,C00109,B00009,2813801
L00503,C00249,B00014,8026243
L00504,C00993,B00037,256025
L00505,C00544,B00003,4027438
L00506,C00713,B00017,8822860
L00507,C00922,B00040,1164371
L00508,C00201,B00021,5844008
L00509,C00591,B00040,8219800
L00510,C00892,B00048,9288930
L00511,C00011,B00021,182409
L00512,C00314,B00018,6730641
L00513,C00268,B00022,9914004
L00514,C00059,B00026,4957935
L00515,C00186,B00014,2852119
L00516,C00216,B00025,4006304
L00517,C00736,B00042,7871497
L00518,C00389,B00005,6017758
L00519,C00542,B00035,7976880
L00520,C00489,B00016,3974834
L00521,C00515,B00020,2829646
L00522,C00537,B00048,376015
L00523,C00869,B00035,3672751
L00524,C00750,B00033,9356419
L00525,C00815,B00032,2650057
L00526,C00927,B00005,8936633
L00527,C00965,B00036,6512278
L00528,C00666,B00023,6295889
L00529,C00394,B00001,3929805
L00530,C00151,B00017,3258409
L00531,C00546,B00038,2545832
L00532,C00732,B00015,6283773
L00533,C00004,B00046,3910666
L00534,C00451,B00021,5496052
L00535,C00983,B00037,8016873
L00536,C00851,B00024,7015405
L00537,C00883,B00025,2923489
L00538,C00144,B00039,5662875
L00539,C00956,B00016,7456048
L00540,C00483,B00019,977522
L00541,C00746,B00023,8757447
L00542,C00885,B00040,4945329
L00543,C00337,B00037,9400559
L00544,C00027,B00027,3034819
L00545,C00528,B00026,4145723
L00546,C00121,B00050,6544215
L00547,C00042,B00004,6750657
L00548,C00575,B00020,1604548
L00549,C00667,B00041,7279833
L00550,C00210,B00011,7384867
L00551,C00833,B00016,5223252
L00552,C00744,B00048,3074197
L00553,C00227,B00023,811627
L00554,C00609,B00030,1688489
L00555,C00367,B00040,3223412
L00556,C00406,B00030,3526878
L00557,C00305,B00034,3471065
L00558,C00266,B00040,7506452
L00559,C00924,B00026,8706058
L00560,C00840,B00018,6416808
L00561,C00474,B00048,2915301
L00562,C00135,B00040,5084326
L00563,C00566,B00026,1177820
L00564,C00480,B00023,8069158
L00565,C00470,B00010,335308
L00566,C00797,B00018,4554802
L00567,C00794,B00027,1604578
L00568,C00333,B00006,3242819
L00569,C00943,B00019,3423196
L00570,C00260,B00018,9108382
L00571,C00633,B00013,3048779
L00572,C00687,B00018,7501787
L00573,C00119,B00022,5862074
L00574,C00120,B00013,4403355
L00575,C00829,B00024,8742878
L00576,C00929,B00028,3210136
L00577,C00599,B00001,1036714
L00578,C00054,B00030,4040677
L00579,C00718,B00011,5232999
L00580,C00270,B00008,3799583
L00581,C00658,B00003,6746610
L00582,C00603,B00039,3575004
L00583,C00218,B00003,1406672
L00584,C00640,B00035,9589900
L00585,C00212,B00029,11551
L00586,C00330,B00015,2696782
L00587,C00752,B00016,7572015
L00588,C00479,B00050,6249949
L00589,C00534,B00046,7956935
L00590,C00025,B00033,2778390
L00591,C00021,B00006,2750788
L00592,C00841,B00027,4786446
L00593,C00514,B00029,7575976
L00594,C00175,B00011,1934776
L00595,C00905,B00048,5106034
L00596,C00521,B00045,4863332
L00597,C00662,B00027,7017528
L00598,C00371,B00032,4978331
L00599,C00563,B00014,8349544
L00600,C00379,B00023,5489650
L00601,C00141,B00046,7006712
L00602,C00739,B00009,3529938
L00603,C00306,B00012,2470417
L00604,C00670,B00012,7845951
L00605,C00048,B00042,9737370
L00606,C00647,B00039,6372630
L00607,C00911,B00006,140939
L00608,C00541,B00034,9236093
L00609,C00964,B00045,4214162
L00610,C00001,B00039,4814936
L00611,C00663,B00047,796763
L00612,C00886,B00034,574888
L00613,C00722,B00046,374594
L00614,C00836,B00028,7404843
L00615,C00828,B00008,4926041
L00616,C00245,B00012,3062067
L00617,C00156,B00038,3198718
L00618,C00166,B00010,4979971
L00619,C00604,B00024,7860714
L00620,C00536,B00038,4635541
L00621,C00381,B00005,6424241
L00622,C00421,B00026,9949138
L00623,C00078,B00047,6288580
L00624,C00247,B00010,4151574
L00625,C00733,B00014,2177059
L00626,C00403,B00030,9599353
L00627,C00068,B00019,1724616
L00628,C00486,B00037,5403098
L00629,C00699,B00030,7539828
L00630,C00715,B00001,339823
L00631,C00695,B00013,1216397
L00632,C00360,B00014,9465680
L00633,C00292,B00023,371157
L00634,C00745,B00042,6069406
L00635,C00097,B00025,4784687
L00636,C00564,B00043,7715294
L00637,C00362,B00004,7006292
L00638,C00731,B00044,4718757
L00639,C00350,B00034,3298945
L00640,C00743,B00035,1527428
L00641,C00409,B00018,3988338
L00642,C00945,B00028,3808414
L00643,C00919,B00008,9189786
L00644,C00082,B00040,762163
L00645,C00392,B00024,852235
L00646,C00982,B00035,9533745
L00647,C00510,B00036,9589819
L00648,C00219,B00005,5469876
L00649,C00180,B00011,7884391
L00650,C00031,B00043,4829194
L00651,C00605,B00016,1943562
L00652,C00493,B00040,6487210
L00653,C00646,B00036,2820890
L00654,C00628,B00045,9818763
L00655,C00457,B00001,3915096
L00656,C00930,B00011,9604741
L00657,C00300,B00022,1900912
L00658,C00512,B00024,6955694
L00659,C00601,B00007,2957797
L00660,C00826,B00025,7546537
L00661,C00624,B00036,4943046
L00662,C00347,B00021,9277360
L00663,C00173,B00038,2209043
L00664,C00703,B00030,3935223
L00665,C00585,B00048,3124292
L00666,C00996,B00005,9765010
L00667,C00444,B00044,9739580
L00668,C00854,B00025,8161922
L00669,C00530,B00045,8128637
L00670,C00871,B00049,7220493
L00671,C00900,B00041,805694
L00672,C00092,B00037,7256607
L00673,C00832,B00023,8079724
L00674,C00123,B00010,1696087
L00675,C00340,B00040,8663599
L00676,C00115,B00014,7671925
L00677,C00648,B00021,5013948
L00678,C00907,B00029,4071438
L00679,C00989,B00048,7161948
L00680,C00686,B00041,992935
L00681,C00412,B00007,1480833
L00682,C00012,B00042,5195676
L00683,C00127,B00050,1766424
L00684,C00463,B00014,1947782
L00685,C00230,B00004,5106325
L00686,C00099,B00042,1454475
L00687,C00487,B00028,1354003
L00688,C00052,B00042,6243513
L00689,C00879,B00001,9111755
L00690,C00948,B00023,1459212
L00691,C00431,B00041,7351563
L00692,C00169,B00023,7708939
L00693,C00471,B00039,4972346
L00694,C00343,B00020,7275002
L00695,C00356,B00019,3906244
L00696,C00865,B00022,3883358
L00697,C00581,B00032,9837822
L00698,C00240,B00045,7332063
L00699,C00689,B00003,1301363
L00700,C00764,B00014,4905122
L00701,C00844,B00022,5562060
L00702,C00503,B00004,4371081
L00703,C00422,B00020,8090789
L00704,C00831,B00019,9727117
L00705,C00273,B00031,3483107
L00706,C00159,B00005,864285
L00707,C00572,B00041,2191822
L00708,C00620,B00011,8291871
L00709,C00478,B00044,6957395
L00710,C00102,B00013,6709358
L00711,C00315,B00018,6174022
L00712,C00417,B00001,9305898
L00713,C00063,B00026,9924905
L00714,C00149,B00014,3333871
L00715,C00194,B00022,6989233
L00716,C00426,B00038,8428138
L00717,C00280,B00035,4153821
L00718,C00174,B00030,6485475
L00719,C00547,B00011,6028381
L00720,C00562,B00037,879540
L00721,C00931,B00039,1598788
L00722,C00215,B00016,8997046
L00723,C00517,B00036,5094537
L00724,C00820,B00033,1228388
L00725,C00597,B00050,872318
L00726,C00819,B00012,2618532
L00727,C00567,B00044,2701507
L00728,C00867,B00032,3341348
L00729,C00701,B00012,6215942
L00730,C00259,B00003,4221681
L00731,C00676,B00009,9896125
L00732,C00139,B00001,745368
L00733,C00785,B00016,9955579
L00734,C00730,B00022,7733099
L00735,C00583,B00025,4656673
L00736,C00065,B00004,6455681
L00737,C00524,B00037,7771362
L00738,C00154,B00021,70671
L00739,C00064,B00016,8130355
L00740,C00238,B00030,3444185
L00741,C00094,B00036,4816182
L00742,C00112,B00014,6050217
L00743,C00860,B00009,2619932
L00744,C00481,B00044,5912408
L00745,C00614,B00013,4712158
L00746,C00518,B00045,2555464
L00747,C00873,B00032,9986486
L00748,C00496,B00007,1806387
L00749,C00909,B00003,9262164
L00750,C00672,B00004,4421786
L00751,C00441,B00021,6323050
L00752,C00590,B00005,8279123
L00753,C00327,B00050,3283826
L00754,C00010,B00003,5655535
L00755,C00420,B00030,2323606
L00756,C00328,B00032,1059992
L00757,C00056,B00019,1717924
L00758,C00039,B00023,9397047
L00759,C00813,B00040,2482902
L00760,C00220,B00031,1014722
L00761,C00942,B00029,3587357
L00762,C00935,B00023,3597196
L00763,C00003,B00030,2101306
L00764,C00037,B00039,6699433
L00765,C00217,B00044,4742032
L00766,C00303,B00003,7257966
L00767,C00386,B00011,8645916
L00768,C00224,B00031,2749343
L00769,C00580,B00029,6293643
L00770,C00341,B00007,8100479
L00771,C00793,B00030,8466750
L00772,C00329,B00008,7783483
L00773,C00716,B00036,3589905
L00774,C00816,B00029,1225719
L00775,C00428,B00048,9814931
L00776,C00235,B00006,9580187
L00777,C00114,B00038,293834
L00778,C00665,B00010,9040311
L00779,C00196,B00017,732462
L00780,C00980,B00017,8686273
L00781,C00720,B00021,2948714
L00782,C00095,B00015,6049662
L00783,C00299,B00009,3275960
L00784,C00093,B00043,3127898
L00785,C00279,B00033,1694707
L00786,C00761,B00037,1391391
L00787,C00504,B00005,461939
L00788,C00896,B00042,9987265
L00789,C00747,B00002,2282021
L00790,C00872,B00007,4085710
L00791,C00250,B00015,9925662
L00792,C00704,B00020,100011
L00793,C00985,B00020,7320129
L00794,C00650,B00027,9962331
L00795,C00774,B00005,5848258
L00796,C00925,B00048,994565
L00797,C00083,B00046,7240135
L00798,C00008,B00038,2092490
L00799,C00069,B00022,3508687
L00800,C00898,B00022,7300076
L00801,C00737,B00014,997226
L00802,C00096,B00002,9821105
L00803,C00041,B00023,8880366
L00804,C00376,B00042,1931972
L00805,C00606,B00041,3536804
L00806,C00786,B00023,2018919
L00807,C00693,B00019,9070780
L00808,C00390,B00047,1115187
L00809,C00131,B00005,9454423
L00810,C00853,B00034,8027924
L00811,C00378,B00024,7750565
L00812,C00465,B00012,2205039
L00813,C00863,B00014,9721557
L00814,C00281,B00049,1863267
L00815,C00469,B00039,1982914
L00816,C00912,B00010,9013901
L00817,C00723,B00011,7124284
L00818,C00450,B00015,9470607
L00819,C00024,B00016,9328184
L00820,C00881,B00014,4741054
L00821,C00582,B00032,4671050
L00822,C00933,B00020,476009
L00823,C00934,B00006,3983290
L00824,C00798,B00013,2052996
L00825,C00060,B00048,5910907
L00826,C00814,B00028,3591117
L00827,C00251,B00032,6069503
L00828,C00712,B00048,7656751
L00829,C00020,B00023,9373713
L00830,C00468,B00022,4107870
L00831,C00229,B00009,1203675
L00832,C00664,B00007,8678586
L00833,C00707,B00004,9684928
L00834,C00749,B00023,1632351
L00835,C00419,B00019,6191466
L00836,C00018,B00042,4016702
L00837,C00152,B00015,4669250
L00838,C00387,B00013,7102311
L00839,C00868,B00049,6516306
L00840,C00089,B00013,7746471
L00841,C00029,B00026,7336391
L00842,C00084,B00004,7055075
L00843,C00383,B00023,8742972
L00844,C00692,B00039,2653430
L00845,C00199,B00003,7879020
L00846,C00388,B00035,8919704
L00847,C00810,B00026,6258952
L00848,C00997,B00048,9650952
L00849,C00438,B00022,8530497
L00850,C00780,B00018,3452892
L00851,C00950,B00027,3299837
L00852,C00756,B00026,3488110
L00853,C00548,B00034,880362
L00854,C00286,B00014,3112550
L00855,C00034,B00033,7399793
L00856,C00264,B00033,6801309
L00857,C00026,B00047,8414843
L00858,C00576,B00019,8231675
L00859,C00181,B00031,872388
L00860,C00808,B00004,3913504
L00861,C00619,B00022,9912893
L00862,C00079,B00027,5119102
L00863,C00877,B00023,5538030
L00864,C00447,B00027,2776052
L00865,C00554,B00037,9108731
L00866,C00456,B00023,5181608
L00867,C00013,B00037,4313160
L00868,C00130,B00031,5870283
L00869,C00140,B00035,7634809
L00870,C00800,B00035,7526871
L00871,C00961,B00047,2261402
L00872,C00454,B00011,8662822
L00873,C00436,B00013,8191439
L00874,C00535,B00019,3104342
L00875,C00171,B00043,6786365
L00876,C00821,B00042,3409225
L00877,C00901,B00041,2214769
L00878,C00571,B00042,2049112
L00879,C00967,B00002,3968597
L00880,C00977,B00049,5575943
L00881,C00513,B00008,7725899
L00882,C00498,B00002,5443215
L00883,C00725,B00005,3218337
L00884,C00185,B00008,2345741
L00885,C00634,B00034,4145705
L00886,C00408,B00036,7244480
L00887,C00558,B00038,9005389
L00888,C00682,B00047,1314179
L00889,C00396,B00009,4735852
L00890,C00740,B00024,8145564
L00891,C00077,B00019,9950653
L00892,C00399,B00037,6287231
L00893,C00085,B00001,1563502
L00894,C00719,B00042,4247817
L00895,C00148,B00023,4979670
L00896,C00946,B00016,2972214
L00897,C00728,B00017,3418111
L00898,C00729,B00040,5509683
L00899,C00768,B00018,8328611
L00900,C00796,B00036,6235902
L00901,C00835,B00031,4121599
L00902,C00690,B00004,2843550
L00903,C00921,B00001,2117358
L00904,C00734,B00047,6101044
L00905,C00076,B00041,129037
L00906,C00427,B00008,3584371
L00907,C00891,B00038,2894027
L00908,C00998,B00039,5991952
L00909,C00990,B00026,728393
L00910,C00205,B00037,3739340
L00911,C00511,B00049,2297703
L00912,C00807,B00026,6468904
L00913,C00178,B00050,1535914
L00914,C00342,B00003,9016520
L00915,C00721,B00022,7133282
L00916,C00232,B00050,7182001
L00917,C00555,B00036,8040375
L00918,C00958,B00001,830546
L00919,C00184,B00002,7382544
L00920,C00253,B00027,9394478
L00921,C00570,B00032,3619952
L00922,C00966,B00012,8006199
L00923,C00161,B00026,8061089
L00924,C00893,B00020,5811345
L00925,C00589,B00022,5802591
L00926,C00955,B00014,1797532
L00927,C00939,B00007,9092122
L00928,C00497,B00030,7191986
L00929,C00495,B00033,3243901
L00930,C00755,B00030,5716235
L00931,C00488,B00041,8282176
L00932,C00200,B00004,1098419
L00933,C00432,B00008,1630226
L00934,C00462,B00032,9036271
L00935,C00418,B00010,3767709
L00936,C00019,B00044,2612714
L00937,C00176,B00023,3503101
L00938,C00030,B00008,4159028
L00939,C00553,B00006,3091901
L00940,C00284,B00030,2276617
L00941,C00917,B00009,9023982
L00942,C00195,B00002,4017482
L00943,C00622,B00006,6705326
L00944,C00817,B00005,3502442
L00945,C00150,B00012,2899890
L00946,C00838,B00002,4066414
L00947,C00053,B00023,785788
L00948,C00359,B00040,4037044
L00949,C00157,B00047,2355593
L00950,C00307,B00034,5505067
L00951,C00015,B00049,8394344
L00952,C00189,B00016,2010042
L00953,C00709,B00025,9884509
L00954,C00522,B00026,7884619
L00955,C00492,B00005,7128647
L00956,C00338,B00034,1390658
L00957,C00615,B00022,373533
L00958,C00351,B00014,6186354
L00959,C00758,B00041,7438431
L00960,C00116,B00002,9014086
L00961,C00960,B00039,58433
L00962,C00278,B00015,7761042
L00963,C00049,B00049,8174363
L00964,C00608,B00001,7016766
L00965,C00143,B00001,4470273
L00966,C00711,B00040,8400405
L00967,C00516,B00025,4184476
L00968,C00717,B00021,6450115
L00969,C00852,B00049,5536280
L00970,C00323,B00050,8871039
L00971,C00179,B00013,3599294
L00972,C00806,B00018,3125127
L00973,C00051,B00048,2113516
L00974,C00228,B00009,2733271
L00975,C00908,B00017,8576060
L00976,C00824,B00042,9156267
L00977,C00642,B00020,6418390
L00978,C00129,B00030,6541049
L00979,C00972,B00030,3383228
L00980,C00236,B00001,6875262
L00981,C00162,B00024,7826313
L00982,C00415,B00017,8285291
L00983,C00345,B00017,2769871
L00984,C00460,B00007,4115927
L00985,C00645,B00039,4214828
L00986,C00649,B00029,3338424
L00987,C00884,B00011,1915469
L00988,C00355,B00005,1601601
L00989,C00187,B00037,7391762
L00990,C00588,B00003,8751391
L00991,C00849,B00047,9825868
L00992,C00669,B00031,1556754
L00993,C00423,B00050,3775670
L00994,C00992,B00050,7699765
L00995,C00261,B00041,7213227
L00996,C00374,B00040,3844884
L00997,C00889,B00024,9074812
L00998,C00870,B00049,1739642
L00999,C00452,B00002,3403216
L01000,C00500,B00017,8817815
L01001,C00065,B00027,4345995
L01002,C00713,B00002,7014897
L01003,C00038,B00045,8096709
L01004,C00054,B00037,8048831
L01005,C00182,B00027,2913098
L01006,C00687,B00035,8864906
L01007,C00471,B00003,4291892
L01008,C00180,B00002,2914993
L01009,C00571,B00031,3076380
L01010,C00093,B00044,9301661
L01011,C00723,B00038,4606078
L01012,C00128,B00035,5728382
L01013,C00318,B00040,1045763
L01014,C00822,B00021,2789176
L01015,C00368,B00007,1013724
L01016,C00821,B00037,6321785
L01017,C00722,B00027,4437203
L01018,C00397,B00033,3480702
L01019,C00974,B00006,6055540
L01020,C00513,B00037,2252702
L01021,C00341,B00004,1216988
L01022,C00273,B00026,5939178
L01023,C00761,B00017,5657638
L01024,C00488,B00046,4930057
L01025,C00737,B00008,4621744
L01026,C00591,B00024,8238800
L01027,C00105,B00027,8761019
L01028,C00316,B00011,5923684
L01029,C00099,B00048,8869898
L01030,C00074,B00001,6726631
L01031,C00596,B00003,7162342
L01032,C00291,B00013,8174764
L01033,C00436,B00013,1566099
L01034,C00357,B00048,7017036
L01035,C00724,B00008,5827058
L01036,C00848,B00011,2886208
L01037,C00175,B00020,9377670
L01038,C00554,B00005,7109980
L01039,C00195,B00044,8557582
L01040,C00888,B00033,5614959
L01041,C00775,B00017,7357777
L01042,C00884,B00046,1482978
L01043,C00429,B00017,9473938
L01044,C00232,B00013,9186720
L01045,C00042,B00048,8552776
L01046,C00480,B00017,8078839
L01047,C00069,B00039,7599241
L01048,C00817,B00014,4809659
L01049,C00458,B00028,5880843
L01050,C00868,B00013,9446567
L01051,C00781,B00007,9425871
L01052,C00526,B00044,2920576
L01053,C00863,B00007,8624641
L01054,C00145,B00050,5633399
L01055,C00220,B00007,1153849
L01056,C00873,B00015,9423824
L01057,C00748,B00023,363959
L01058,C00568,B00031,8979999
L01059,C00373,B00007,8463831
L01060,C00026,B00019,8553657
L01061,C00272,B00038,3389230
L01062,C00686,B00025,4265168
L01063,C00108,B00037,8827587
L01064,C00486,B00002,3014735
L01065,C00600,B00001,4089409
L01066,C00947,B00047,5377273
L01067,C00858,B00023,9199675
L01068,C00309,B00014,6549481
L01069,C00333,B00037,5601593
L01070,C00448,B00032,3962890
L01071,C00813,B00010,9153136
L01072,C00638,B00009,4083801
L01073,C00345,B00029,3767391
L01074,C00909,B00005,4772840
L01075,C00133,B00004,8157649
L01076,C00019,B00024,3669269
L01077,C00051,B00014,6127742
L01078,C00502,B00018,3012582
L01079,C00350,B00038,2442035
L01080,C00472,B00037,5646742
L01081,C00522,B00006,7753745
L01082,C00304,B00012,1563523
L01083,C00966,B00032,5918989
L01084,C00082,B00019,3954078
L01085,C00534,B00011,3480577
L01086,C00639,B00008,6740795
L01087,C00183,B00043,6555077
L01088,C00011,B00008,8872610
L01089,C00820,B00022,664082
L01090,C00883,B00009,6594564
L01091,C00599,B00023,3293312
L01092,C00586,B00043,7396792
L01093,C00857,B00007,8829619
L01094,C00312,B00033,1614914
L01095,C00097,B00048,3012210
L01096,C00293,B00012,6458117
L01097,C00372,B00030,783106
L01098,C00208,B00033,918715
L01099,C00064,B00034,6939647
L01100,C00964,B00020,1826178
L01101,C00890,B00009,4030733
L01102,C00246,B00038,1646672
L01103,C00453,B00039,8944949
L01104,C00390,B00027,6040194
L01105,C00660,B00030,3683021
L01106,C00399,B00040,6386154
L01107,C00619,B00040,5512504
L01108,C00043,B00040,3710290
L01109,C00851,B00036,3717571
L01110,C00326,B00040,5302243
L01111,C00754,B00027,8246076
L01112,C00870,B00017,6028784
L01113,C00627,B00024,2938571
L01114,C00300,B00029,3645908
L01115,C00744,B00040,6614200
L01116,C00802,B00048,2252174
L01117,C00882,B00034,9718122
L01118,C00530,B00016,7081237
L01119,C00847,B00032,2417373
L01120,C00446,B00042,6112134
L01121,C00833,B00032,5151129
L01122,C00866,B00010,2720828
L01123,C00247,B00030,2375794
L01124,C00677,B00013,9424446
L01125,C00087,B00021,8440696
L01126,C00645,B00002,9146251
L01127,C00537,B00035,2409552
L01128,C00640,B00041,6728666
L01129,C00516,B00031,1979316
L01130,C00703,B00040,9163164
L01131,C00657,B00042,3481707
L01132,C00294,B00028,9885539
L01133,C00747,B00009,1434874
L01134,C00815,B00012,2647172
L01135,C00143,B00005,3471328
L01136,C00402,B00043,9723719
L01137,C00386,B00041,6967145
L01138,C00835,B00019,3713029
L01139,C00223,B00001,5220784
L01140,C00753,B00022,9168048
L01141,C00985,B00043,7164156
L01142,C00850,B00041,4584110
L01143,C00693,B00034,8309716
L01144,C00714,B00022,1621852
L01145,C00078,B00007,3844019
L01146,C00804,B00012,8839141
L01147,C00423,B00040,6933163
L01148,C00718,B00007,9775049
L01149,C00959,B00040,8839406
L01150,C00624,B00034,1533322
L01151,C00489,B00025,3227032
L01152,C00892,B00043,7430547
L01153,C00993,B00045,793835
L01154,C00124,B00008,4984657
L01155,C00629,B00044,4601867
L01156,C00671,B00033,6544329
L01157,C00878,B00037,8301597
L01158,C00787,B00001,4674212
L01159,C00970,B00018,3889272
L01160,C00267,B00001,583277
L01161,C00445,B00015,9569327
L01162,C00332,B00020,8295067
L01163,C00062,B00004,5363828
L01164,C00165,B00048,1749929
L01165,C00928,B00009,9759060
L01166,C00760,B00040,3101269
L01167,C00764,B00045,3149876
L01168,C00202,B00027,1454311
L01169,C00610,B00035,6339972
L01170,C00441,B00049,283867
L01171,C00079,B00029,9582281
L01172,C00163,B00015,25558
L01173,C00665,B00020,9754662
L01174,C00880,B00015,4489125
L01175,C00828,B00024,707997
L01176,C00490,B00044,5928781
L01177,C00047,B00027,3204689
L01178,C00999,B00026,8400551
L01179,C00391,B00027,3310812
L01180,C00216,B00030,497710
L01181,C00674,B00032,336111
L01182,C00376,B00045,2291822
L01183,C00607,B00029,4840408
L01184,C00166,B00001,4626475
L01185,C00555,B00045,15394
L01186,C00823,B00031,8980576
L01187,C00872,B00018,3700626
L01188,C00941,B00049,5063608
L01189,C00765,B00021,1478972
L01190,C00958,B00016,6360771
L01191,C00211,B00044,3725828
L01192,C00708,B00010,7961245
L01193,C00289,B00009,5524554
L01194,C00933,B00038,2382375
L01195,C00066,B00006,8207494
L01196,C00194,B00032,7905291
L01197,C00877,B00007,5287718
L01198,C00905,B00033,7120812
L01199,C00649,B00030,6423691
L01200,C00262,B00015,1873945
L01201,C00106,B00032,3820326
L01202,C00427,B00033,2637265
L01203,C00995,B00008,3698098
L01204,C00612,B00040,1527846
L01205,C00934,B00044,476490
L01206,C00241,B00024,8073021
L01207,C00564,B00019,3242308
L01208,C00276,B00013,8203041
L01209,C00363,B00037,4957082
L01210,C00758,B00018,2328355
L01211,C00329,B00034,4657230
L01212,C00699,B00048,2492437
L01213,C00313,B00027,7788437
L01214,C00168,B00032,4136567
L01215,C00499,B00028,3925147
L01216,C00498,B00015,7562608
L01217,C00704,B00044,9404526
L01218,C00095,B00028,6270497
L01219,C00214,B00014,5675612
L01220,C00788,B00013,4354304
L01221,C00461,B00038,9792178
L01222,C00370,B00046,8107077
L01223,C00746,B00035,4660943
L01224,C00942,B00049,8376643
L01225,C00976,B00034,3827845
L01226,C00647,B00002,4726915
L01227,C00138,B00024,7532907
L01228,C00263,B00002,5641278
L01229,C00337,B00027,4882414
L01230,C00178,B00047,2828152
L01231,C00119,B00024,5473263
L01232,C00852,B00010,9990011
L01233,C00989,B00030,7028748
L01234,C00004,B00016,8756098
L01235,C00945,B00024,9127049
L01236,C00750,B00021,5462019
L01237,C00562,B00038,6490272
L01238,C00611,B00049,5913424
L01239,C00806,B00046,8302502
L01240,C00642,B00024,6200772
L01241,C00017,B00041,892321
L01242,C00040,B00010,4503978
L01243,C00651,B00039,6253786
L01244,C00253,B00044,1778593
L01245,C00733,B00012,4568435
L01246,C00728,B00031,8727192
L01247,C00045,B00027,9478217
L01248,C00871,B00031,2712573
L01249,C00889,B00049,728904
L01250,C00236,B00001,7436580
L01251,C00726,B00014,3597255
L01252,C00840,B00042,2431133
L01253,C00013,B00047,8109281
L01254,C00715,B00037,8455873
L01255,C00634,B00002,3491040
L01256,C00467,B00042,7081768
L01257,C00644,B00004,155744
L01258,C00184,B00006,37780
L01259,C00258,B00042,2469490
L01260,C00767,B00002,786796
L01261,C00676,B00010,575938
L01262,C00615,B00018,3975433
L01263,C00205,B00036,8071021
L01264,C00477,B00006,476136
L01265,C00298,B00020,2850585
L01266,C00943,B00024,8632631
L01267,C00358,B00022,1261893
L01268,C00921,B00042,1001568
L01269,C00187,B00050,5268074
L01270,C00494,B00048,9148213
L01271,C00913,B00010,9993275
L01272,C00135,B00015,5465568
L01273,C00903,B00022,6191198
L01274,C00487,B00039,7135265
L01275,C00005,B00035,3379220
L01276,C00529,B00005,4089415
L01277,C00008,B00002,5583846
L01278,C00742,B00007,4869912
L01279,C00623,B00035,1491244
L01280,C00411,B00009,9961058
L01281,C00404,B00034,8887745
L01282,C00286,B00022,6612065
L01283,C00683,B00045,1235689
L01284,C00896,B00005,3441778
L01285,C00231,B00006,264440
L01286,C00139,B00021,1324872
L01287,C00275,B00032,4335010
L01288,C00189,B00002,7660076
L01289,C00239,B00049,8130482
L01290,C00776,B00032,710252
L01291,C00403,B00048,6663569
L01292,C00268,B00020,4719782
L01293,C00906,B00045,2047106
L01294,C00791,B00040,5499413
L01295,C00349,B00006,4724149
L01296,C00070,B00048,1874210
L01297,C00701,B00012,1268486
L01298,C00698,B00008,6789225
L01299,C00003,B00024,8530878
L01300,C00412,B00031,8549239
L01301,C00381,B00038,3765777
L01302,C00210,B00050,5926577
L01303,C00052,B00040,7223366
L01304,C00509,B00027,4799451
L01305,C00694,B00016,895057
L01306,C00061,B00040,2962150
L01307,C00405,B00044,8101203
L01308,C00400,B00025,8919339
L01309,C00794,B00040,3145843
L01310,C00188,B00022,4645019
L01311,C00973,B00014,6357612
L01312,C00769,B00026,3016962
L01313,C00652,B00023,1893135
L01314,C00024,B00033,475350
L01315,C00071,B00031,7187028
L01316,C00961,B00025,2748814
L01317,C00173,B00027,3089642
L01318,C00712,B00019,3739400
L01319,C00352,B00008,6760248
L01320,C00782,B00045,6712416
L01321,C00631,B00046,2103143
L01322,C00862,B00008,3814906
L01323,C00215,B00038,7310901
L01324,C00792,B00014,8126281
L01325,C00101,B00001,9952391
L01326,C00107,B00005,6755248
L01327,C00401,B00003,4105735
L01328,C00076,B00023,4038342
L01329,C00759,B00020,37624
L01330,C00339,B00013,6206728
L01331,C00954,B00011,7507723
L01332,C00895,B00042,2688293
L01333,C00228,B00011,6726650
L01334,C00574,B00037,6388302
L01335,C00998,B00024,5156317
L01336,C00418,B00031,3450167
L01337,C00036,B00031,4885569
L01338,C00507,B00033,6003928
L01339,C00271,B00006,407039
L01340,C00837,B00005,5844087
L01341,C00628,B00017,5994779
L01342,C00540,B00007,4544382
L01343,C00475,B00035,5139570
L01344,C00283,B00009,5276016
L01345,C00887,B00032,4271721
L01346,C00910,B00008,9317718
L01347,C00344,B00003,8251876
L01348,C00798,B00035,7276803
L01349,C00774,B00026,9010150
L01350,C00621,B00035,5718090
L01351,C00975,B00026,8047867
L01352,C00197,B00012,4321993
L01353,C00771,B00021,7325868
L01354,C00140,B00004,5948250
L01355,C00789,B00004,3247971
L01356,C00450,B00033,2243653
L01357,C00115,B00020,8973211
L01358,C00732,B00002,6388481
L01359,C00672,B00004,8435982
L01360,C00716,B00013,5798843
L01361,C00721,B00040,1614918
L01362,C00523,B00041,4728908
L01363,C00200,B00037,5311825
L01364,C00780,B00013,8600315
L01365,C00353,B00034,771789
L01366,C00031,B00033,1850963
L01367,C00080,B00043,7731516
L01368,C00334,B00007,3499877
L01369,C00508,B00028,717563
L01370,C00067,B00005,7936777
L01371,C00902,B00018,2469880
L01372,C00483,B00021,6179648
L01373,C00433,B00029,4159649
L01374,C00756,B00009,1541813
L01375,C00931,B00011,4932536
L01376,C00172,B00032,516905
L01377,C00473,B00033,2740508
L01378,C00929,B00032,277046
L01379,C00856,B00039,7394298
L01380,C00635,B00015,2455453
L01381,C00295,B00008,8779760
L01382,C00839,B00012,4146593
L01383,C00739,B00049,2302148
L01384,C00118,B00006,892407
L01385,C00807,B00001,506410
L01386,C00060,B00009,2113882
L01387,C00845,B00045,8245685
L01388,C00086,B00002,6366972
L01389,C00570,B00031,2347973
L01390,C00711,B00003,6911594
L01391,C00641,B00020,345750
L01392,C00317,B00018,4551455
L01393,C00050,B00022,2819198
L01394,C00137,B00036,6704432
L01395,C00159,B00011,4158979
L01396,C00439,B00016,250957
L01397,C00512,B00020,5776534
L01398,C00285,B00010,4498863
L01399,C00637,B00028,3010617
L01400,C00347,B00044,5269365
L01401,C00454,B00045,899869
L01402,C00077,B00049,7002161
L01403,C00193,B00022,4269140
L01404,C00322,B00028,8746126
L01405,C00900,B00024,4757266
L01406,C00709,B00003,2990996
L01407,C00153,B00029,1268463
L01408,C00269,B00022,2127211
L01409,C00766,B00012,3762626
L01410,C00364,B00023,7889670
L01411,C00854,B00002,6930292
L01412,C00340,B00024,1493407
L01413,C00073,B00042,6682825
L01414,C00917,B00045,5847528
L01415,C00435,B00006,5324417
L01416,C00773,B00050,6114479
L01417,C00812,B00002,8116161
L01418,C00969,B00044,4961246
L01419,C00951,B00001,3197035
L01420,C00315,B00049,9553678
L01421,C00546,B00010,5089637
L01422,C00452,B00050,5123980
L01423,C00800,B00004,3294560
L01424,C00254,B00027,7229365
L01425,C00762,B00034,1293303
L01426,C00843,B00039,308201
L01427,C00428,B00027,5726022
L01428,C00991,B00050,5146429
L01429,C00410,B00036,8079755
L01430,C00098,B00016,9051509
L01431,C00702,B00006,6328301
L01432,C00321,B00032,6958864
L01433,C00442,B00029,1561282
L01434,C00844,B00043,9701608
L01435,C00160,B00044,8558570
L01436,C00046,B00031,5957316
L01437,C00827,B00035,6864867
L01438,C00244,B00027,4336830
L01439,C00022,B00015,8957441
L01440,C00609,B00046,8629830
L01441,C00037,B00028,3592695
L01442,C00378,B00040,7923060
L01443,C00251,B00016,6924552
L01444,C00185,B00016,1000569
L01445,C00102,B00003,2823158
L01446,C00217,B00012,9811702
L01447,C00536,B00050,3368962
L01448,C00440,B00014,2520623
L01449,C00158,B00039,7911025
L01450,C00049,B00050,7155424
L01451,C00553,B00039,8078035
L01452,C00518,B00034,6681774
L01453,C00825,B00047,9912093
L01454,C00367,B00048,3426851
L01455,C00692,B00022,7710030
L01456,C00144,B00043,8566116
L01457,C00679,B00026,4571413
L01458,C00010,B00031,8342290
L01459,C00256,B00017,7266809
L01460,C00939,B00006,4977126
L01461,C00383,B00017,7126029
L01462,C00853,B00037,3048227
L01463,C00818,B00025,200780
L01464,C00500,B00015,7832011
L01465,C00678,B00017,6433230
L01466,C00025,B00001,3004516
L01467,C00859,B00049,3076886
L01468,C00617,B00022,4673141
L01469,C00136,B00014,9887782
L01470,C00978,B00008,8792725
L01471,C00374,B00023,2955407
L01472,C00925,B00036,6627745
L01473,C00549,B00039,836258
L01474,C00705,B00002,2111411
L01475,C00414,B00036,2905937
L01476,C00059,B00018,2969445
L01477,C00233,B00038,5011570
L01478,C00111,B00048,5939581
L01479,C00573,B00030,4903804
L01480,C00121,B00029,2383110
L01481,C00636,B00036,4734511
L01482,C00169,B00046,4806599
L01483,C00361,B00022,603299
L01484,C00826,B00033,7363758
L01485,C00535,B00042,6750504
L01486,C00809,B00045,3868373
L01487,C00422,B00018,9922478
L01488,C00360,B00007,5077412
L01489,C00369,B00023,239184
L01490,C00755,B00041,8890402
L01491,C00577,B00044,8966230
L01492,C00977,B00044,3088614
L01493,C00455,B00021,6084946
L01494,C00967,B00014,8917537
L01495,C00302,B00048,5020774
L01496,C00156,B00039,3122542
L01497,C00717,B00016,6581557
L01498,C00039,B00039,2846605
L01499,C00581,B00047,6473656
L01500,C00587,B00025,1988242
