customer_id,full_name,city,occupation,dob,age,age_group
C00001,Timothy Nelson,Davidville,Magician,1915-09-03,109,65+
C00002,Courtney Farley,Port Charlesberg,Scientist,1922-05-11,102,65+
C00003,Sheena Solis,New John,Businessman,1933-10-27,91,65+
C00004,Amy Martinez,Joneston,Mechanic,1981-07-29,43,35-50
C00005,Emily Olson,South Christine,Repairman,1999-03-01,25,Below 25
C00006,Benjamin Johnson,West Evanmouth,Businessman,1942-04-21,82,65+
C00007,Craig Elliott,Sanchezshire,Construction worker,1963-04-27,61,50-65
C00008,Rebecca Keller,South Christian,Carpenter,1961-12-15,63,50-65
C00009,Brianna Holt,Caseytown,Priest,1951-12-23,73,65+
C00010,Jeremy Le,Lake Justinmouth,Paramedic,1961-12-31,63,50-65
C00011,Shannon Rose,Youngview,Professor,1923-04-16,101,65+
C00012,Matthew Guerrero,West Kristen,Train conductor,1976-09-12,48,35-50
C00013,Michael Clark,East Maxwell,Architect,1960-11-07,64,50-65
C00014,Bobby Jones,Manningfort,Construction worker,1926-08-02,98,65+
C00015,Wayne Daugherty,North Morgan,Police officer,1961-07-01,63,50-65
C00016,Sharon Gutierrez,South Joanneland,Repairman,1994-05-10,30,25-35
C00017,Jennifer Vasquez,South Erin,Painter,1983-06-02,41,35-50
C00018,Howard Lopez,East Renee,Photographer,1939-04-01,85,65+
C00019,David Olsen,Fordport,Housewife,1943-12-29,81,65+
C00020,Colin Andrews,Nguyenborough,Paramedic,1935-07-19,89,65+
C00021,Michael Barnett,Davisport,Pilot,1985-04-14,39,35-50
C00022,Bonnie Reynolds,Espinozahaven,Soldier,2003-06-25,21,Below 25
C00023,Holly Moon,Kevinview,Geisha,1964-12-14,60,50-65
C00024,Bobby Woods,Austinville,Cameraman,1996-06-23,28,25-35
C00025,Terri Rogers,West Susan,Professor,1941-10-22,83,65+
C00026,Ian Smith,North Michael,Soldier,1930-05-05,94,65+
C00027,Sharon Hart,South Jacquelineburgh,Housewife,1973-02-21,51,50-65
C00028,Cynthia Hobbs,Theodoreville,Doorman,1944-04-10,80,65+
C00029,Laurie Bonilla,Whitneychester,Diver,1921-10-11,103,65+
C00030,Ryan Caldwell,New David,Journalist,1995-07-17,29,25-35
C00031,Robert Reed,North Kelly,Boxer,1998-07-01,26,25-35
C00032,Brandon Austin,Gregoryhaven,Geisha,1957-08-09,67,65+
C00033,Allison Knight,Travisborough,Professor,1970-06-02,54,50-65
C00034,Gwendolyn Martin,Morrisonmouth,Geisha,1978-03-01,46,35-50
C00035,Carol Wolf,Mclaughlinview,Builder,1978-01-09,46,35-50
C00036,Lisa Spencer,Debraberg,Reporter,1919-04-19,105,65+
C00037,Tammy Estrada,Abigailfort,Journalist,1939-03-14,85,65+
C00038,Jessica Martinez,West Anthony,Surgeon,1982-11-07,42,35-50
C00039,Katherine Melendez,Port David,Priest,1948-09-02,76,65+
C00040,Jason Webster,Lake Regina,Mechanic,1992-12-18,32,25-35
C00041,Beth Miller,New Laura,Geisha,2002-08-21,22,Below 25
C00042,Michael Morgan,East Johntown,Engineer,2003-06-19,21,Below 25
C00043,Justin Anderson,South Johnathanstad,Scientist,1975-03-04,49,35-50
C00044,Nicole Wood,West Amyfort,Singer,1930-12-24,94,65+
C00045,Benjamin Jones,West Benjamin,Pirate,1927-08-22,97,65+
C00046,Daniel Fox,West Adam,Priest,1933-11-19,91,65+
C00047,Jeremiah Johnson,New Heather,Gardener,2002-01-14,22,Below 25
C00048,Timothy Brock,Lake Robertland,Repairman,1998-05-25,26,25-35
C00049,Jillian Thornton,Frankfurt,Police officer,1919-09-08,105,65+
C00050,Joshua Soto,East Bruce,American football player,1984-04-02,40,35-50
C00051,Eric Jones,Port Phyllisland,American football player,1976-10-02,48,35-50
C00052,Emily Holland,Taylorville,Doorman,1977-09-03,47,35-50
C00053,Jasmine Mcintosh,Odonnellborough,Housekeeper,1996-11-19,28,25-35
C00054,Gina Kim,Port Michelle,Clown,1973-08-18,51,50-65
C00055,Evan Perez,Johnsfort,Nurse,1987-01-17,37,35-50
C00056,Daniel Joseph,Melvinport,Train conductor,1992-05-28,32,25-35
C00057,Megan Carter,East Stephen,Electrician,1912-09-18,112,65+
C00058,Christina Richmond,Lake Lancechester,Businessman,2001-05-22,23,Below 25
C00059,Charles Thomas,South Johnstad,Salesman,1915-03-04,109,65+
C00060,Patrick Medina,West Michelleside,Lifeguard,1920-01-04,104,65+
C00061,Stephanie Hall,Lake Christinefort,Painter,1939-06-29,85,65+
C00062,Kelly Hudson,Jeffreyfurt,Carpenter,1958-08-08,66,65+
C00063,Glenn Munoz,East Jeremy,Engineer,1944-03-20,80,65+
C00064,Monica Bauer,New Andrewport,Engineer,2000-11-12,24,Below 25
C00065,Mark Frank,Randyton,Businessman,1917-01-15,107,65+
C00066,Jeffery Duke,Palmerhaven,Police officer,1981-05-01,43,35-50
C00067,Dana Pitts,Kennethtown,Housewife,1974-02-05,50,35-50
C00068,Dennis Anderson,Port Rachel,Doctor,1982-10-08,42,35-50
C00069,Matthew Henderson,New Aaronchester,Forest ranger,1942-11-03,82,65+
C00070,Brandon Rogers,Ponceland,Magician,1964-04-22,60,50-65
C00071,Robert Green,Powellstad,Housewife,1920-04-18,104,65+
C00072,Louis Villarreal,Kaitlynchester,Nurse,1972-01-16,52,50-65
C00073,Stacy Roth,Jacobville,Librarian,1949-09-23,75,65+
C00074,Brittney Hull,Port Deannafort,Train conductor,1993-11-05,31,25-35
C00075,Mark Martinez,West Sean,Clown,1912-08-31,112,65+
C00076,Taylor Jefferson,South Kimberly,Professor,1947-03-30,77,65+
C00077,Ashley Rivera,Lake Erika,American football player,1981-09-24,43,35-50
C00078,Adam Bowen,Matthewland,Scientist,1921-09-18,103,65+
C00079,John Spears,New Joshuafurt,Carpenter,1982-04-05,42,35-50
C00080,Nicole Williams,Kathrynside,Geisha,1975-03-25,49,35-50
C00081,Cassandra Anderson,Walshside,Photographer,1973-12-20,51,50-65
C00082,Ashley Reynolds,Karenstad,Construction worker,1998-08-30,26,25-35
C00083,Dana Mitchell,South Peggyville,Detective,1926-02-05,98,65+
C00084,John Phillips,Jeremiahberg,Journalist,1957-05-26,67,65+
C00085,Amy Sanchez,Hillchester,Repairman,2003-08-18,21,Below 25
C00086,Robert Taylor,South Meganland,Clown,1945-01-06,79,65+
C00087,Michelle Frazier,Cindymouth,Secretary,1935-06-11,89,65+
C00088,Jose Castillo,West Emily,Farmer,1984-01-06,40,35-50
C00089,Justin Rogers,South Christianmouth,Builder,1936-11-25,88,65+
C00090,Meagan Wilson,Tylershire,Salesman,1944-06-06,80,65+
C00091,Robert Craig,East Philip,Engineer,1982-09-20,42,35-50
C00092,Amanda Coleman,North Johnmouth,Lunchroom supervisor,1967-08-07,57,50-65
C00093,Amanda Martinez,Andrewburgh,Professor,1979-08-12,45,35-50
C00094,Brittany Padilla,Johnmouth,Pirate,1965-06-12,59,50-65
C00095,Nicholas Chavez,Santiagoland,American football player,1931-09-08,93,65+
C00096,Jerry Smith,New Marc,Foreman,2000-06-16,24,Below 25
C00097,Matthew Bush,Welchfurt,Singer,1959-03-26,65,50-65
C00098,Juan Green,North Steventown,Pilot,1923-01-10,101,65+
C00099,Randy Garcia,North Nathan,Nurse,1913-06-26,111,65+
C00100,Brandi Clark,Victoriaport,Farmer,1995-04-28,29,25-35
C00101,Anthony Randolph,Port Justin,Waiter,1980-09-20,44,35-50
C00102,Kathryn Griffin,Brittanytown,Priest,1991-03-24,33,25-35
C00103,Gabriella Little,West Christopher,Salesman,1952-09-27,72,65+
C00104,Jasmine Johnson,Kimberlyview,Farmer,1940-09-26,84,65+
C00105,Jon Davis,Brownside,Businessman,1956-10-02,68,65+
C00106,Angela Hart,New Melissa,Doorman,1946-03-02,78,65+
C00107,Kristina Myers,East Benjaminshire,Magician,1983-03-03,41,35-50
C00108,Raymond Gonzalez,New Kenneth,Diver,1958-06-18,66,65+
C00109,Sara Coleman,North Brian,Paramedic,1918-10-29,106,65+
C00110,Dana Lynn,Shawnberg,Flight attendant,1923-05-01,101,65+
C00111,Evelyn Mcgrath,Fletcherberg,Boxer,1967-09-30,57,50-65
C00112,Jodi Dunn,Lawsonton,Pirate,1952-09-30,72,65+
C00113,Cynthia Carpenter,Mannside,Gardener,1947-02-13,77,65+
C00114,Donna Edwards,Port Alexander,American football player,1926-04-28,98,65+
C00115,Jessica Snyder,West Margaretville,Photographer,1977-01-22,47,35-50
C00116,Megan Hughes,East Andrew,Photographer,1981-05-14,43,35-50
C00117,Gregory Williams,Lake Tracyville,Student,1996-07-06,28,25-35
C00118,David Murray,Lake Daniel,Footballer,1982-01-09,42,35-50
C00119,Michael Lawson,New Kristinamouth,Secretary,1995-10-15,29,25-35
C00120,David Walker,Lake Travis,Fireman,1949-02-25,75,65+
C00121,Levi Allen,New Davidbury,Pilot,1924-02-22,100,65+
C00122,Kevin Vance,South Aliciafort,Painter,1917-12-03,107,65+
C00123,Lisa Ross,Stewartland,Engineer,1969-04-08,55,50-65
C00124,Christina Montgomery,Amyville,Professor,1914-10-26,110,65+
C00125,Andrea Guzman,Yorkville,Farmer,1925-04-17,99,65+
C00126,Molly Thompson,Brianmouth,Pirate,1932-10-06,92,65+
C00127,Julie Carpenter,Pagefurt,Footballer,1948-08-08,76,65+
C00128,Nathan Moore,Taylorfort,Photographer,1995-03-13,29,25-35
C00129,Cindy Gallegos,Jacksonborough,Priest,1938-05-16,86,65+
C00130,Jasmine Robinson,South Christine,Housekeeper,1984-01-14,40,35-50
C00131,Bradley Dixon,East Adamhaven,Secretary,2001-10-20,23,Below 25
C00132,Christopher Johnson,Rebekahhaven,Dentist,1934-06-03,90,65+
C00133,Patrick Watson,Lake Kennethmouth,Catholic nun,1935-07-15,89,65+
C00134,Barbara Hughes,New Melissa,Gardener,1942-11-21,82,65+
C00135,Marisa Holt,Candicemouth,Catholic nun,1925-02-17,99,65+
C00136,Kirk Barnes,Brendabury,Footballer,1967-07-06,57,50-65
C00137,Shane Cole,Jenniferside,Salesman,1912-09-13,112,65+
C00138,Nicholas Martinez,Josephborough,Footballer,1986-07-19,38,35-50
C00139,Kimberly Garcia,East Anthonyside,Fireman,2003-06-16,21,Below 25
C00140,Mary Collier,Lake Andrewview,Repairman,1978-09-18,46,35-50
C00141,Rodney Freeman,Garyshire,Detective,1954-06-02,70,65+
C00142,Amanda Martin,New Kara,Housewife,1977-09-21,47,35-50
C00143,John Jenkins,Shariview,Clown,1996-10-08,28,25-35
C00144,Melissa Johnson,East Daniel,Clown,2000-01-08,24,Below 25
C00145,Jade Newman,Mackenzieberg,Painter,1957-08-08,67,65+
C00146,Jonathan Phillips,West Steve,Singer,1917-02-03,107,65+
C00147,Ashley Rivas,Coreyview,Businessman,1922-05-12,102,65+
C00148,Daniel Morrow,Port Tonyaberg,Doorman,1953-09-03,71,65+
C00149,Brittney Murray,Lake Marcusfurt,Paramedic,1931-06-14,93,65+
C00150,Robert Garner,Scottville,Secretary,1957-09-13,67,65+
C00151,Alicia Frederick,South Davidmouth,Footballer,1917-06-05,107,65+
C00152,Donna Cooper,Lake Jeremiahport,Scientist,1986-05-05,38,35-50
C00153,Elijah Graham,Ruizport,Footballer,1921-06-12,103,65+
C00154,Charles Shah,Jenniferbury,Boxer,1914-04-16,110,65+
C00155,Michael Mcintyre,West Thomasborough,Singer,1921-05-25,103,65+
C00156,Deborah Anderson,East Josephland,Police officer,1969-03-11,55,50-65
C00157,Melissa Armstrong,West Brandiside,Pope,1932-01-21,92,65+
C00158,Hector Smith,Wattsbury,Professor,1965-10-11,59,50-65
C00159,Cathy Peterson,Powersport,Salesman,2002-04-04,22,Below 25
C00160,Stephanie Carter,New Anthony,Soldier,1919-06-25,105,65+
C00161,Rachel Ross,East William,Foreman,1915-03-04,109,65+
C00162,Joann Davis,West Claudia,Mechanic,2001-12-14,23,Below 25
C00163,Wayne Kennedy,Westhaven,Scientist,1965-04-01,59,50-65
C00164,Mary Pollard,New Jennifer,Secretary,1954-01-12,70,65+
C00165,Kristi Lowe,Debratown,Cameraman,1939-03-28,85,65+
C00166,Travis Hicks,Kimberlystad,Librarian,1928-04-02,96,65+
C00167,Tammy Young,East Cherylmouth,Salesman,1957-10-26,67,65+
C00168,Alan Bauer,Molinafort,Postman,1920-02-20,104,65+
C00169,Pamela Fischer,Richhaven,Businessman,1976-11-07,48,35-50
C00170,Alfred Padilla,Port Nicholas,Clown,1918-02-11,106,65+
C00171,John Edwards,Perkinstown,Painter,1978-07-29,46,35-50
C00172,Erika Wong,Lake Margaret,Housewife,1943-09-27,81,65+
C00173,Kenneth Peck,Roberthaven,Flight attendant,1953-05-02,71,65+
C00174,Mary Lawson,Timothyton,Reporter,1925-06-22,99,65+
C00175,Lynn Hill,Fryeville,Doorman,1954-04-14,70,65+
C00176,Jesse Scott,Rogerfort,Librarian,1954-10-31,70,65+
C00177,Anthony Rodriguez,New Steven,Scientist,1981-08-05,43,35-50
C00178,Rebekah Martin,West Brendafort,Dentist,1966-08-19,58,50-65
C00179,William Kemp,Melindahaven,Farmer,1920-08-18,104,65+
C00180,Zachary Hubbard,North Danielbury,Doctor,1962-03-13,62,50-65
C00181,Kenneth Mcbride,West Angelicaville,Geisha,1948-05-08,76,65+
C00182,Amanda Aguilar,West Josephville,Carpenter,1981-12-08,43,35-50
C00183,Kevin Jackson,Charlesburgh,Diver,1943-09-10,81,65+
C00184,Joseph Petersen,West Jenniferfurt,Professor,1920-05-05,104,65+
C00185,Mary Price,New Josehaven,Dentist,1920-01-29,104,65+
C00186,Brian Durham,New Sandra,Geisha,1942-06-07,82,65+
C00187,Susan Gutierrez,Gilberttown,Police officer,1995-12-04,29,25-35
C00188,Edwin Madden,Charlesmouth,Secretary,1962-04-15,62,50-65
C00189,Jonathan Moore,Lake Robert,Flight attendant,1994-01-28,30,25-35
C00190,Sara Miller,Melaniehaven,Lunchroom supervisor,1925-04-11,99,65+
C00191,Kayla Hancock,South William,Pirate,1922-10-01,102,65+
C00192,Kimberly Martinez,North Morgan,American football player,1980-06-13,44,35-50
C00193,Ashley Anderson,North Matthewbury,Doorman,1974-09-17,50,35-50
C00194,Christopher Benton,Summerland,Journalist,1971-02-10,53,50-65
C00195,Tammie Cruz,South Jamie,Businessman,1971-09-19,53,50-65
C00196,Douglas Davis,New Shawnport,American football player,1928-06-05,96,65+
C00197,Randy Brown,New Elizabethburgh,Singer,1924-08-17,100,65+
C00198,Brett Dillon,Stevenshire,Train conductor,1932-04-04,92,65+
C00199,Karen Davis,Ellenhaven,Gardener,1925-07-19,99,65+
C00200,Dennis White,Lake Mark,Flight attendant,1995-08-23,29,25-35
C00201,Elijah Stone,New Christophertown,Construction worker,1954-07-23,70,65+
C00202,Raymond Hill,North Ashley,Pilot,1961-11-06,63,50-65
C00203,Aimee Spence,Raymondside,Flight attendant,2005-06-19,19,Below 25
C00204,Jason Hoffman,North Karenchester,Police officer,1973-09-05,51,50-65
C00205,Maria Leblanc,West Kyleshire,Doorman,1920-05-03,104,65+
C00206,Gregory Brown,South Erin,Construction worker,1929-11-01,95,65+
C00207,Teresa Hall,Lake Holly,Fireman,1971-07-02,53,50-65
C00208,Gary Bailey,East Mistyside,Diver,1998-05-20,26,25-35
C00209,George White,Lake Thomas,Forest ranger,1946-12-08,78,65+
C00210,Cory Vasquez,Thomasmouth,Carpenter,2000-03-30,24,Below 25
C00211,Tracey Johnson,South Dustin,Housekeeper,1939-02-16,85,65+
C00212,Jessica Turner,West Robertborough,Mechanic,2000-11-20,24,Below 25
C00213,Stephanie Romero,Michaelbury,Pilot,2002-08-09,22,Below 25
C00214,Heather Diaz,Stephenberg,Electrician,1919-02-21,105,65+
C00215,Kristina Ramirez,Lake Christina,Painter,1988-02-27,36,35-50
C00216,Dawn Simmons,Rogertown,Construction worker,1924-08-03,100,65+
C00217,Christian Elliott,West Jessicachester,Cameraman,1968-08-09,56,50-65
C00218,Judith Manning,West Joelchester,Detective,1999-12-21,25,Below 25
C00219,Christopher Jackson,South Dianafort,Engineer,1946-07-01,78,65+
C00220,Amanda Holmes,New Kevin,Journalist,1995-03-31,29,25-35
C00221,Alyssa Church,Brianport,Nurse,1976-07-19,48,35-50
C00222,Carolyn Conley,Robertland,Engineer,1948-02-29,76,65+
C00223,Amy Heath,Lake Angelaton,Waiter,2003-01-13,21,Below 25
C00224,Robert Lambert,West Jeff,Scientist,1932-05-27,92,65+
C00225,Alicia Campbell,Davidchester,Librarian,1928-08-21,96,65+
C00226,April Gilbert,Conleyburgh,Lifeguard,1957-03-01,67,65+
C00227,Julie Johnson,Lake Michaelborough,Reporter,1925-09-03,99,65+
C00228,Christopher Brown,Paultown,Pilot,1996-12-01,28,25-35
C00229,Michael Meyer,West Colton,Lunchroom supervisor,1987-07-10,37,35-50
C00230,William Stanley,Glennhaven,Magician,1947-11-14,77,65+
C00231,Diana Taylor,Georgehaven,Mechanic,1949-02-16,75,65+
C00232,Mark Chung,Nolanland,Engineer,1958-11-12,66,65+
C00233,Brittany Melton,Port Jennifer,Architect,1977-08-30,47,35-50
C00234,Jamie Brown,Scottmouth,Pope,1955-08-31,69,65+
C00235,William King,South Emily,Surgeon,1993-03-27,31,25-35
C00236,Adam Kelly,Marquezmouth,Gardener,1945-05-01,79,65+
C00237,Ronald Martin,Westville,Singer,2005-02-16,19,Below 25
C00238,Casey Stout,Derekstad,Librarian,1948-07-17,76,65+
C00239,Jason Glass,Foleymouth,Nurse,1916-01-12,108,65+
C00240,Jason Jones,Port Robert,Architect,1932-03-21,92,65+
C00241,Sonya Hart,Mirandaberg,Lunchroom supervisor,1998-04-25,26,25-35
C00242,Dawn Martinez,Blakefort,Postman,1952-08-30,72,65+
C00243,Jason Clarke,New Oliviatown,Priest,1916-03-31,108,65+
C00244,Johnny Bailey,East Kimville,Cameraman,1968-10-24,56,50-65
C00245,Trevor Cole,Alvarezfurt,Student,1956-05-23,68,65+
C00246,Michael Carpenter,Melissafort,Photographer,1991-11-22,33,25-35
C00247,Jennifer Koch,Dixonfort,Paramedic,1996-02-19,28,25-35
C00248,Robert Bowman,Lake Scott,Flight attendant,1965-11-07,59,50-65
C00249,Kim Pope,New Jeremy,Priest,1980-05-12,44,35-50
C00250,Margaret Gray,Port Jennifer,Postman,1990-05-15,34,25-35
C00251,Jessica Price,Jacobstad,Soldier,1946-07-05,78,65+
C00252,Sarah Turner,Patrickhaven,Dentist,1972-06-14,52,50-65
C00253,Jill Foster,South Samanthaborough,Postman,1936-03-31,88,65+
C00254,Stephen Jones,Huffmanchester,Priest,2005-01-30,19,Below 25
C00255,Heather Cox,East Sydney,Housekeeper,1923-08-27,101,65+
C00256,Victoria Bell,Port Stacey,Doctor,1991-09-19,33,25-35
C00257,Douglas Thompson,Paulbury,Architect,2005-05-01,19,Below 25
C00258,Amanda Phillips,Geraldstad,Librarian,1979-11-28,45,35-50
C00259,Lisa Hays,Port Richardchester,Architect,1963-01-02,61,50-65
C00260,Becky Harrison,Austinfurt,Architect,1993-09-29,31,25-35
C00261,Michael Fuentes,Lake Elizabethshire,Journalist,1967-07-13,57,50-65
C00262,Brittney Kelly,Bowmanton,Catholic nun,1973-10-25,51,50-65
C00263,Jenna Collins,Jasonchester,Carpenter,1998-03-04,26,25-35
C00264,Dan Patel,East Melvin,Magician,1991-12-02,33,25-35
C00265,Danny Gross,Port Amanda,Librarian,1934-03-30,90,65+
C00266,Robert Shepard,East Charleston,Gardener,1917-10-06,107,65+
C00267,Melissa Hill,South Staceyfurt,Scientist,2003-02-19,21,Below 25
C00268,Mathew Nunez,Alisonhaven,Soldier,1931-08-07,93,65+
C00269,Ronald Morales,Heatherfurt,Construction worker,1971-10-24,53,50-65
C00270,Kathleen Owens,Kevinton,Forest ranger,1984-11-23,40,35-50
C00271,Andrew Hamilton,Mitchellside,Priest,1945-01-17,79,65+
C00272,Shawn Peterson,Zhangmouth,Construction worker,1939-06-09,85,65+
C00273,Brittany Stone,South Lesliechester,Architect,2002-09-09,22,Below 25
C00274,Nicole West,Bradleyshire,Diver,1969-02-26,55,50-65
C00275,Dakota Aguilar,South Alexandra,American football player,1917-07-29,107,65+
C00276,Patricia Parker,Lawsonview,Pirate,1993-01-08,31,25-35
C00277,Robert Stanton,Lake Loritown,Electrician,1987-06-06,37,35-50
C00278,Timothy Preston,Elizabethstad,Catholic nun,1920-10-29,104,65+
C00279,Abigail Mason,Port Kellyville,Salesman,1965-09-16,59,50-65
C00280,Jessica Simpson,Karenburgh,Journalist,1925-12-22,99,65+
C00281,Theresa Cowan,East Melindastad,Detective,1930-09-09,94,65+
C00282,Ryan Walker,New Raymond,Student,1925-06-15,99,65+
C00283,Sandra Kaiser,East Benjaminhaven,Gardener,2000-04-21,24,Below 25
C00284,Ebony Rivera,Jenkinsside,Pope,1951-07-31,73,65+
C00285,Jason Hayes,Alisonton,Student,1962-09-26,62,50-65
C00286,Eric Thomas,Rossport,Surgeon,1927-06-05,97,65+
C00287,Samantha Phillips,Lake Andrewburgh,Magician,1940-09-21,84,65+
C00288,Jane Caldwell,South Anna,Housewife,1971-02-27,53,50-65
C00289,Aaron Bates,South Susanside,Lifeguard,1986-06-08,38,35-50
C00290,Andrea King,Smithmouth,Scientist,1978-12-20,46,35-50
C00291,Michelle Hogan,Alvarezport,Businessman,1921-10-18,103,65+
C00292,Carla Hanson,Melaniechester,Repairman,1972-12-20,52,50-65
C00293,Anna Gross,Andreamouth,Pope,1921-11-13,103,65+
C00294,Kevin Pineda,South Omarshire,Gardener,1951-07-03,73,65+
C00295,Sarah Bowen,Kylietown,Detective,1913-09-28,111,65+
C00296,Kimberly Johnson,Bellshire,Surgeon,1931-04-24,93,65+
C00297,Crystal Hill,Fernandezfurt,Pirate,1926-05-14,98,65+
C00298,Emily Klein,Xavierborough,Repairman,1961-04-15,63,50-65
C00299,Kaitlyn White,Richardport,Diver,1975-12-09,49,35-50
C00300,Daniel Diaz,New Rachelhaven,Soldier,1943-03-18,81,65+
C00301,Christina Camacho,Smithfurt,Singer,1947-04-12,77,65+
C00302,Nicholas Mathews,South Andrea,Police officer,1964-04-27,60,50-65
C00303,Donna Allen,Port Gregorychester,Cameraman,1931-10-11,93,65+
C00304,Laurie Johnson,Port Janet,Foreman,1930-09-05,94,65+
C00305,John Roman,South Matthewport,Secretary,1992-07-30,32,25-35
C00306,Darryl English,West Jessicafort,Doorman,1936-11-20,88,65+
C00307,Daniel Morrison,North Joshuahaven,Architect,1961-07-25,63,50-65
C00308,Christopher Mcpherson,Johnsonmouth,Pilot,1952-01-11,72,65+
C00309,Adam Mcgee,New Janetchester,Waiter,1919-05-16,105,65+
C00310,Melody Boyd,Port Theresa,Fireman,1938-01-18,86,65+
C00311,Allison Moody,West Brittany,Forest ranger,1990-10-18,34,25-35
C00312,Edgar Sullivan,North Trevorland,Reporter,1998-07-27,26,25-35
C00313,Michael Lee,West Justin,Pirate,1938-11-27,86,65+
C00314,Michael Hall,East William,Surgeon,1948-11-13,76,65+
C00315,Dorothy Riley,Baldwinfurt,Detective,1970-11-22,54,50-65
C00316,Robin Baird,Gonzalezbury,Construction worker,1963-02-07,61,50-65
C00317,Michael Nelson,Petersonstad,Housekeeper,1962-07-11,62,50-65
C00318,Jordan Scott,West Susan,Lunchroom supervisor,1983-12-22,41,35-50
C00319,Steven Shields,Stewartview,Scientist,1957-08-18,67,65+
C00320,Anthony Yates,Lake Danaview,Waiter,1929-09-06,95,65+
C00321,Sarah Short,East Nicoleport,Housewife,1952-05-01,72,65+
C00322,Deborah Anderson,Stewartburgh,Professor,1942-02-28,82,65+
C00323,Jose Brown,New Tanyatown,Farmer,1982-12-23,42,35-50
C00324,Marissa Cain,Alvarezborough,Salesman,1968-01-11,56,50-65
C00325,Kaitlyn Williams,Rachaelton,Construction worker,1978-02-10,46,35-50
C00326,Jason Hahn,Dylanhaven,Secretary,1990-03-23,34,25-35
C00327,Christine Blackwell,Castanedaport,Secretary,1994-05-01,30,25-35
C00328,Angela Anderson,Ronaldside,Journalist,1977-01-21,47,35-50
C00329,Kathryn Mayer,New Tiffanyburgh,Student,1988-05-10,36,35-50
C00330,Amanda Frye,Port Derrickmouth,Repairman,1970-08-21,54,50-65
C00331,Amanda Heath,Jensenfurt,Electrician,1994-12-21,30,25-35
C00332,Danny Leonard,Rodriguezchester,Priest,1970-01-07,54,50-65
C00333,Amber Salazar,Pruittview,Priest,1987-12-10,37,35-50
C00334,Brandon Baker,Patrickburgh,Gardener,1953-06-19,71,65+
C00335,Cindy Luna,Robertmouth,Waiter,1919-11-25,105,65+
C00336,Linda Nolan,Wardstad,Repairman,2003-01-06,21,Below 25
C00337,Paul Rodgers,Kevinmouth,Boxer,1969-12-01,55,50-65
C00338,Randy Simpson,New Patrick,Businessman,1998-01-14,26,25-35
C00339,Kristy Porter,Hannahville,Geisha,1931-11-10,93,65+
C00340,Randall Moore,North Angela,Magician,1968-07-26,56,50-65
C00341,Jacob Johnson,Cookland,Pilot,1987-05-18,37,35-50
C00342,Heather Payne,Martinezborough,Clown,1963-07-23,61,50-65
C00343,Connie Gordon,Hurleyshire,Pilot,1934-01-11,90,65+
C00344,Kelly Young,North Phillipbury,Housekeeper,1928-09-29,96,65+
C00345,Timothy Boyd,Coleshire,Salesman,1965-02-14,59,50-65
C00346,Lisa Jimenez,West Codyburgh,Magician,1921-11-20,103,65+
C00347,Katherine Bailey,Lake Terri,Clown,1950-11-02,74,65+
C00348,Helen Brown,Greenburgh,Detective,1924-05-21,100,65+
C00349,Desiree Gardner,Stanleyhaven,Paramedic,2001-02-04,23,Below 25
C00350,Ryan Wallace,Kimberlytown,Lunchroom supervisor,1982-11-28,42,35-50
C00351,Anthony Perkins,New Stanley,Cameraman,2001-01-19,23,Below 25
C00352,Danny Mccormick,Williamsland,American football player,1953-07-01,71,65+
C00353,David Johnson,East Jacqueline,Police officer,1980-02-03,44,35-50
C00354,Melissa Spence,South Angelatown,Lifeguard,1972-01-09,52,50-65
C00355,William Walker,New Jameschester,Fireman,1941-05-12,83,65+
C00356,Sherry Smith,Port Davidbury,Architect,1921-02-19,103,65+
C00357,Catherine Lee,Rodriguezfurt,Cameraman,1919-02-23,105,65+
C00358,William Miles,Staceyview,Businessman,1962-07-16,62,50-65
C00359,Paul Wilson,South Christian,Carpenter,1961-11-11,63,50-65
C00360,Arthur Randall,Jonmouth,Repairman,1928-01-05,96,65+
C00361,Theresa Hall,Hebertmouth,Lunchroom supervisor,1930-08-29,94,65+
C00362,Abigail Smith,Mullinsville,Pilot,1938-10-27,86,65+
C00363,Haley Blake,Smithmouth,Secretary,1943-07-26,81,65+
C00364,Megan Small,Cathyport,Boxer,1981-12-29,43,35-50
C00365,Joseph Mills,Paulville,Construction worker,2003-11-14,21,Below 25
C00366,Emily Clark,Johnsonburgh,Mechanic,1915-04-25,109,65+
C00367,Connor Wright,South Angelaport,Fireman,1975-10-10,49,35-50
C00368,Jessica Miles,South Bethany,Farmer,2002-09-18,22,Below 25
C00369,Jennifer Bartlett,Hunterberg,Pirate,1963-11-22,61,50-65
C00370,Eric Mcguire,New Christopher,Paramedic,1937-09-03,87,65+
C00371,Corey Wu,North Heathermouth,Farmer,1942-12-14,82,65+
C00372,Benjamin Webb,Garciaport,Clown,1965-02-01,59,50-65
C00373,Ann White,North Denise,Footballer,1922-10-31,102,65+
C00374,Jason Morse,Martinside,Housewife,1989-07-21,35,25-35
C00375,Eduardo Stevenson,Garciahaven,Gardener,1927-12-06,97,65+
C00376,Mary Strong,New Amanda,Lunchroom supervisor,1947-01-15,77,65+
C00377,Michael Morris,New Emilyberg,Paramedic,1967-06-15,57,50-65
C00378,Michele Hernandez,West Heatherberg,Carpenter,1946-08-04,78,65+
C00379,Colleen Glover,Gonzalezmouth,Pilot,1940-02-28,84,65+
C00380,Cody Huang,New Nathanielfort,Housewife,1936-11-08,88,65+
C00381,Kim White,Lake Deanna,Train conductor,1943-08-26,81,65+
C00382,Juan Ali,Bishopview,Housekeeper,1939-09-28,85,65+
C00383,Jacqueline Hughes,Andrewtown,Pope,1936-12-25,88,65+
C00384,Christopher Anderson,West Lauren,Carpenter,1922-06-05,102,65+
C00385,Johnathan Shah,North Jonathantown,Foreman,1987-04-18,37,35-50
C00386,April Thompson,Lake Cathyfurt,Police officer,1979-02-28,45,35-50
C00387,Daniel Andrade,Wangland,Scientist,1937-08-09,87,65+
C00388,Jeff Foster,Port Zacharymouth,Paramedic,1951-11-08,73,65+
C00389,David Bailey,Ericburgh,Lunchroom supervisor,1946-12-14,78,65+
C00390,Lisa Watson,South Jeffrey,American football player,1939-01-03,85,65+
C00391,Paul Welch,South Jeffery,Nurse,1977-04-02,47,35-50
C00392,Kyle Phillips,Reesefurt,Lunchroom supervisor,1976-12-10,48,35-50
C00393,Laura Martinez,West Brittany,Builder,1969-09-19,55,50-65
C00394,Yolanda Davis,New Jesseburgh,Flight attendant,1958-06-12,66,65+
C00395,Julie Jenkins,West Amy,Construction worker,1914-05-13,110,65+
C00396,Carlos Pearson,West Ann,Forest ranger,1950-09-28,74,65+
C00397,Nicole Jimenez,North Mary,Librarian,1981-01-23,43,35-50
C00398,Anthony Brooks,South Johnny,Pope,1959-09-13,65,50-65
C00399,Gina Bowen,New Lisa,Pope,1916-08-14,108,65+
C00400,Angel Cervantes,Timothyton,Soldier,1930-05-08,94,65+
C00401,Danielle Bailey,Wardport,Pilot,1913-04-10,111,65+
C00402,Judith Bell,Garciafurt,Paramedic,1928-12-14,96,65+
C00403,Linda Cummings,Lake Veronicahaven,Boxer,1948-03-08,76,65+
C00404,Ronald Higgins,South Matthew,Flight attendant,1969-06-23,55,50-65
C00405,Matthew Porter,East Timothyborough,Priest,1918-09-03,106,65+
C00406,Autumn Osborne,Port Lisa,Catholic nun,2000-07-06,24,Below 25
C00407,Bethany Price,Justinfurt,Foreman,1934-01-28,90,65+
C00408,Kevin Bolton,South Elizabethberg,Doorman,1932-07-02,92,65+
C00409,Samuel Camacho,Ryanstad,Salesman,1964-09-27,60,50-65
C00410,Julie Tanner,Williamberg,Carpenter,1989-06-21,35,25-35
C00411,Carl Leblanc,Port Johnfurt,Detective,1961-10-13,63,50-65
C00412,Tracy Warren,East Elizabeth,Builder,1924-09-06,100,65+
C00413,Herbert Cox,Masseyland,Mechanic,1995-12-17,29,25-35
C00414,Michael Jones,New Christopher,Diver,1943-12-29,81,65+
C00415,Patricia George,North Ashley,Housekeeper,1930-03-20,94,65+
C00416,Christopher Miller,Chasemouth,Geisha,1980-10-31,44,35-50
C00417,Alexis Mendez,Angelaville,Catholic nun,1917-05-22,107,65+
C00418,Kenneth Smith,South Theresamouth,Carpenter,1979-04-26,45,35-50
C00419,Walter Turner,New Nicoleborough,Magician,1925-01-05,99,65+
C00420,Sarah Contreras,Amandahaven,Lunchroom supervisor,2005-05-13,19,Below 25
C00421,Nathaniel Graham,North Maryfort,Reporter,1985-03-01,39,35-50
C00422,Jennifer Petty,Port Reneebury,Postman,2003-01-03,21,Below 25
C00423,Jessica Reid,East Josemouth,Scientist,1969-03-01,55,50-65
C00424,Steven Conley,North Kelly,Singer,1986-12-24,38,35-50
C00425,Crystal Wilkerson,West Kathryn,Surgeon,1952-11-02,72,65+
C00426,Emily Deleon,Diazfort,Architect,1913-08-30,111,65+
C00427,David Carpenter,Robersonfurt,Farmer,1980-05-25,44,35-50
C00428,Stephanie Willis,Sanchezside,Soldier,1957-07-01,67,65+
C00429,Heather Ortiz,Wallerfurt,Lunchroom supervisor,1916-02-05,108,65+
C00430,Samantha Mata,Lake Brettland,Footballer,1922-06-15,102,65+
C00431,Peter Martinez,Geraldtown,Surgeon,1958-01-06,66,65+
C00432,Rhonda Walker,Port Julie,Pilot,1977-10-08,47,35-50
C00433,Diana Proctor,Espinozaland,Boxer,1929-07-01,95,65+
C00434,Pamela Schultz,Smithland,Architect,1974-08-18,50,35-50
C00435,Benjamin Cain,Coxstad,Clown,1975-07-20,49,35-50
C00436,Courtney Thomas,Fieldsside,Doctor,2003-04-21,21,Below 25
C00437,Rita Riley,Reyesmouth,Scientist,1930-08-28,94,65+
C00438,Tonya Lawson,Charlesville,Architect,1975-06-15,49,35-50
C00439,Keith Lawson,Scottville,Lifeguard,1968-11-14,56,50-65
C00440,Suzanne Stone,East Aaron,Painter,1924-05-05,100,65+
C00441,Heather Garrett,Comptonstad,Electrician,1964-03-20,60,50-65
C00442,Clifford Jones,Thomasport,Priest,2005-07-03,19,Below 25
C00443,Marilyn Brown,West Jessica,Dentist,1987-04-27,37,35-50
C00444,Tammy Jones,Adamstown,Librarian,1925-06-21,99,65+
C00445,Crystal Robles,West Christopherville,Farmer,2003-10-10,21,Below 25
C00446,Michael Garcia,Lake Andrew,Mechanic,1952-02-24,72,65+
C00447,Kyle Morrison,Smithton,Doorman,1950-11-06,74,65+
C00448,Sharon Clark,Davisshire,Doctor,1983-09-11,41,35-50
C00449,Cynthia Conley,Millermouth,Fireman,1935-05-18,89,65+
C00450,Rebecca White,Figueroaville,Footballer,1979-02-08,45,35-50
C00451,Steven Hernandez,North Adambury,Student,1931-03-29,93,65+
C00452,Rebecca Rodgers,Waltersbury,Cameraman,1957-01-25,67,65+
C00453,Kenneth Rivers,Mariafurt,Reporter,1935-12-18,89,65+
C00454,Chelsea Cardenas,South Betty,Secretary,2001-11-05,23,Below 25
C00455,Todd Jackson,Barronshire,Housekeeper,1922-07-14,102,65+
C00456,Cheryl Prince,Port Elaine,Lifeguard,1933-11-28,91,65+
C00457,Nicholas Parrish,Jonathanfort,Surgeon,2001-04-24,23,Below 25
C00458,Rachel Rocha,Kevinhaven,Photographer,1957-03-04,67,65+
C00459,Sarah Herrera,Lake Danieltown,American football player,1971-03-19,53,50-65
C00460,Wesley Sexton,West Rebeccafurt,American football player,1982-11-25,42,35-50
C00461,Jimmy Odom,Parkerchester,Reporter,1932-01-21,92,65+
C00462,Michelle Blair,East Davidstad,Nurse,1953-11-14,71,65+
C00463,Kathy Hill,Walkerborough,Secretary,1917-01-03,107,65+
C00464,Courtney Brewer,South Terri,Nurse,1944-02-19,80,65+
C00465,Lawrence Martinez,West Tylermouth,Journalist,1982-05-09,42,35-50
C00466,Jean Kemp,Townsendfurt,Dentist,1932-12-08,92,65+
C00467,Emily Daugherty,West Miguel,Housewife,1948-07-16,76,65+
C00468,Timothy Salinas,Brownstad,Librarian,1930-06-14,94,65+
C00469,Matthew Cruz,Charlenechester,Housekeeper,1944-07-01,80,65+
C00470,Joseph Smith,Lake Robertfort,Pope,1993-03-01,31,25-35
C00471,Amanda Wilson,Washingtonville,Student,1983-10-24,41,35-50
C00472,John Ortega,Lake Andrew,Pilot,1996-09-02,28,25-35
C00473,Vicki Murphy,South Annette,Geisha,1975-07-26,49,35-50
C00474,Rachel Baker,Port John,Painter,1969-01-20,55,50-65
C00475,Robin Hoffman,New Allison,Fireman,1975-01-10,49,35-50
C00476,Beth Johnson,East Stephenbury,Builder,1942-06-03,82,65+
C00477,Jessica Schneider,Noahland,Clown,2001-10-18,23,Below 25
C00478,Emma Huang,North Kimberlyland,Reporter,1968-12-12,56,50-65
C00479,Melissa Sharp,New Omarmouth,Housekeeper,1917-04-14,107,65+
C00480,Sarah Gonzalez,Port Crystal,Pirate,1999-03-01,25,Below 25
C00481,James Sanchez,Cassandrahaven,Geisha,1942-12-29,82,65+
C00482,Michael Little,Sanchezshire,Construction worker,1938-06-07,86,65+
C00483,Andrea Lopez,New Jamesport,Foreman,1988-03-16,36,35-50
C00484,Angela Jackson,Port Veronicaton,Detective,1941-06-08,83,65+
C00485,Kevin Wolfe,Vanessaville,Gardener,1978-03-12,46,35-50
C00486,Daniel Williams,Youngmouth,Builder,1920-10-17,104,65+
C00487,Ralph Porter,Stephentown,Flight attendant,1975-04-10,49,35-50
C00488,Maureen Craig,New Caitlinburgh,Pirate,1974-04-06,50,35-50
C00489,John Lee,Weaverberg,Salesman,1971-02-21,53,50-65
C00490,Gregory Turner,West Howard,Pope,1947-09-25,77,65+
C00491,Bryan Garner,East Sueview,Footballer,1961-03-20,63,50-65
C00492,Tara Fox,Wilsonbury,Repairman,1953-01-07,71,65+
C00493,Jennifer Anderson,Port Maryberg,Police officer,2005-03-02,19,Below 25
C00494,Thomas Stokes,South Stevenshire,Train conductor,1983-08-10,41,35-50
C00495,Steven Raymond,Gonzalesmouth,Magician,1985-02-05,39,35-50
C00496,Melanie Henderson,Meganfort,Paramedic,1962-07-30,62,50-65
C00497,Valerie Gamble,Lake Jeanette,Paramedic,1984-12-23,40,35-50
C00498,Melissa Robinson,Michaelborough,Farmer,1956-06-11,68,65+
C00499,Sarah King,East Kaitlynview,Pirate,1962-11-29,62,50-65
C00500,Michael Bell,North Zachary,Dentist,1942-04-14,82,65+
C00501,Susan Sosa,North Daniel,Librarian,1953-06-28,71,65+
C00502,Michael Miller,Camposton,Flight attendant,1990-02-06,34,25-35
C00503,Donna Holt,Rebeccabury,Businessman,1995-08-06,29,25-35
C00504,Scott Nelson,New Alexandershire,Gardener,2005-08-01,19,Below 25
C00505,Diana Gordon,Catherinemouth,Pilot,1956-07-01,68,65+
C00506,Tyler Miller,Port Travis,Secretary,1931-11-13,93,65+
C00507,Matthew Hernandez,Port Troy,Priest,1955-04-03,69,65+
C00508,Donna Brooks,Huntertown,Housekeeper,1999-10-08,25,Below 25
C00509,Eric Simpson,Franklinberg,Electrician,1987-11-25,37,35-50
C00510,Alyssa Hayden,Port William,Scientist,1985-06-22,39,35-50
C00511,Shaun Smith,New Dawntown,Lifeguard,1969-06-09,55,50-65
C00512,Matthew Allison,South Curtis,Carpenter,1977-03-08,47,35-50
C00513,Rhonda Thomas,Meghanborough,Catholic nun,1940-04-09,84,65+
C00514,Antonio Wong,North Christopherland,Police officer,1960-01-31,64,50-65
C00515,Jose Moore,Davidville,Mechanic,1983-06-02,41,35-50
C00516,James Davis,Brianville,Lunchroom supervisor,1997-12-10,27,25-35
C00517,Benjamin Carr,Patriciafort,Forest ranger,1917-04-30,107,65+
C00518,Stephanie Mercado,Port Jenniferfurt,Doorman,1967-09-19,57,50-65
C00519,Theodore Peterson,Martintown,Scientist,1941-06-05,83,65+
C00520,Linda Holloway,Ericburgh,Construction worker,1969-01-08,55,50-65
C00521,William Schmidt,New Michael,Carpenter,1960-06-15,64,50-65
C00522,Louis Lester,Mcleanfurt,Singer,1953-06-04,71,65+
C00523,James Benitez,Shawnburgh,Pilot,1989-11-28,35,25-35
C00524,Justin Henderson,Williamsmouth,Businessman,1926-10-28,98,65+
C00525,Mary Dillon,South Richardshire,Pope,1982-02-22,42,35-50
C00526,Frank Gibson,Kevinland,Pope,2002-10-06,22,Below 25
C00527,Austin Merritt,Lake Briannaport,Foreman,1934-06-24,90,65+
C00528,Michael White,Karenburgh,Foreman,1917-06-28,107,65+
C00529,Marc Reynolds,Davidshire,Scientist,1975-12-29,49,35-50
C00530,Jeanette Boyd,Lake Davidfort,Carpenter,1964-06-20,60,50-65
C00531,Jennifer Walker,Johnathanfort,Lifeguard,2001-04-18,23,Below 25
C00532,Todd Smith,Mcconnellton,Reporter,1928-06-03,96,65+
C00533,Adam Brooks,Trevorchester,Boxer,1994-09-07,30,25-35
C00534,Richard Olsen,Alexandratown,Detective,1993-01-26,31,25-35
C00535,Samuel Leon,East Annview,Businessman,1945-07-27,79,65+
C00536,Joshua Galvan,West Alexton,Detective,1932-02-15,92,65+
C00537,Jennifer Morales,Whitneyville,Lifeguard,1990-02-12,34,25-35
C00538,Martha Obrien,Tylerview,Farmer,1974-04-02,50,35-50
C00539,Andrew Woods,North Sonya,Lunchroom supervisor,1976-04-03,48,35-50
C00540,Cassandra Salazar,Martinville,Detective,1933-08-30,91,65+
C00541,Charles Simmons,Dannymouth,Paramedic,1985-01-16,39,35-50
C00542,Jonathan Smith,Patriciachester,Surgeon,1962-09-14,62,50-65
C00543,Brandon Holmes,Barkerborough,Lunchroom supervisor,1968-03-10,56,50-65
C00544,Darius Campos,Brianstad,Doctor,1937-12-08,87,65+
C00545,Jesus Grant,New Ashleytown,Fireman,1928-03-15,96,65+
C00546,Kayla Shields,Palmerstad,Construction worker,1964-06-02,60,50-65
C00547,Maria Mills,Charlottebury,Mechanic,1950-01-02,74,65+
C00548,Pamela Mccoy,Scotthaven,Clown,1967-12-12,57,50-65
C00549,Jodi Lopez,Josephland,Magician,1989-02-27,35,25-35
C00550,Paul Johnson,West Martha,Priest,1965-03-02,59,50-65
C00551,Charles Kelley,South Lori,Clown,1935-10-01,89,65+
C00552,Heather Stanley,South Jacob,Flight attendant,1957-09-27,67,65+
C00553,Andrew Mcmillan,South Christine,Gardener,1996-09-08,28,25-35
C00554,Elizabeth Kaiser,Sweeneyfurt,Engineer,1949-03-30,75,65+
C00555,Jesse Cortez,North Rebecca,Photographer,1993-10-29,31,25-35
C00556,Timothy Abbott,Carrollburgh,Geisha,2003-11-02,21,Below 25
C00557,Joshua Ryan,New Scott,Carpenter,1981-04-09,43,35-50
C00558,Sarah Mccarthy,West Willieside,Geisha,1971-02-26,53,50-65
C00559,Christopher Brown,Chrisview,Builder,1929-10-19,95,65+
C00560,James Myers,East Sherry,Builder,1962-11-12,62,50-65
C00561,Cody Owen,Atkinsonville,Painter,1924-08-18,100,65+
C00562,Patrick Peters,Lisamouth,Farmer,1968-03-31,56,50-65
C00563,Thomas Austin,West Heather,Waiter,1996-10-10,28,25-35
C00564,Judy Johnson,Lake Katherine,Student,1956-12-29,68,65+
C00565,Taylor Mcdonald,East Kara,Nurse,1959-07-29,65,50-65
C00566,Jerome Alvarez,Andersonfort,Waiter,1916-03-26,108,65+
C00567,Roy Jacobs,Lewisstad,Cameraman,1952-04-03,72,65+
C00568,Larry Valentine,Kathleenborough,Train conductor,1962-06-04,62,50-65
C00569,Kelly Neal,Charlesland,Nurse,1929-03-16,95,65+
C00570,Amy Moore,East David,Cameraman,1935-01-28,89,65+
C00571,Alyssa Blair,Warnerview,Carpenter,2005-05-25,19,Below 25
C00572,Vanessa Donaldson,New Amy,Businessman,1923-08-04,101,65+
C00573,Andrea Coleman,Port Larry,Librarian,1920-09-23,104,65+
C00574,Jeffrey Flores,Geraldville,Footballer,1947-12-12,77,65+
C00575,Laura Williams,Jenniferbury,Secretary,1940-01-05,84,65+
C00576,Steven Park,Masonberg,Soldier,1961-02-20,63,50-65
C00577,Thomas Howard,Shanehaven,Carpenter,1922-09-13,102,65+
C00578,Emily Wallace,Port Karenview,Diver,1917-10-30,107,65+
C00579,Stephanie Lane,Zamoraberg,Mechanic,1980-10-18,44,35-50
C00580,Dustin Pitts,Hartport,Photographer,2001-09-16,23,Below 25
C00581,Crystal Medina,Williamsshire,Pirate,1934-10-25,90,65+
C00582,Ryan Flores,North Matthewland,Nurse,1963-12-17,61,50-65
C00583,Darrell Hartman,West Steven,Pope,2005-07-21,19,Below 25
C00584,Parker Serrano,Lisaland,Mechanic,2005-01-07,19,Below 25
C00585,Joseph Torres,Lynchmouth,Painter,1973-05-05,51,50-65
C00586,Billy Meyer,Williamton,Reporter,1931-08-28,93,65+
C00587,Tiffany Stephens,Robertberg,Architect,1917-09-13,107,65+
C00588,Amy Logan,Jeremyfurt,Cameraman,1990-02-27,34,25-35
C00589,Amber Johnson,Ronaldstad,Doctor,1947-08-21,77,65+
C00590,Jeffrey Hernandez,Ryanton,Repairman,1964-04-19,60,50-65
C00591,Troy Roberts,Cruzmouth,Catholic nun,1984-02-23,40,35-50
C00592,David Washington,Josephbury,Professor,1998-10-20,26,25-35
C00593,Evan King,Joelside,Librarian,1935-08-14,89,65+
C00594,Martha Snyder,Lake Kristibury,Foreman,1932-10-29,92,65+
C00595,Michael Bender,West Rickeyshire,Repairman,1933-12-22,91,65+
C00596,Michael Roy,South Michael,Soldier,1931-06-27,93,65+
C00597,Courtney Lane,Hillburgh,Forest ranger,1952-12-03,72,65+
C00598,Brittany Mejia,Port Meagan,Pilot,1924-12-17,100,65+
C00599,Adam Jackson,South Michellemouth,Mechanic,1998-03-19,26,25-35
C00600,Deborah Vargas,Michaelville,Diver,1939-10-11,85,65+
C00601,Lacey Shaffer,New Danny,Engineer,1993-04-02,31,25-35
C00602,Austin Jones,Port Robert,Paramedic,1960-04-14,64,50-65
C00603,Mary Pierce,Kennethside,Geisha,1998-12-04,26,25-35
C00604,Amber Hawkins,Christophershire,Reporter,1962-08-08,62,50-65
C00605,Lisa Bowers,Lake Mark,Pilot,1927-06-03,97,65+
C00606,Joseph Sawyer,Millsside,Boxer,1926-03-19,98,65+
C00607,Samantha Mason,Robinstad,Doorman,1986-06-21,38,35-50
C00608,Christopher Gibson,Monroeville,Housewife,1996-11-13,28,25-35
C00609,Ruth Logan,Smithview,Builder,1993-12-05,31,25-35
C00610,Collin Baird,Williamsview,Dentist,1957-12-17,67,65+
C00611,Michael Mata,Rachelville,Electrician,1980-10-15,44,35-50
C00612,Jeffrey Miller,Port Marie,Lunchroom supervisor,1977-08-08,47,35-50
C00613,Kelsey Reed,West Sandy,Carpenter,1927-01-02,97,65+
C00614,Gary Hernandez,North Bryan,Paramedic,1942-09-14,82,65+
C00615,Rose Soto,East Ericchester,Repairman,2000-08-21,24,Below 25
C00616,Juan White,Marktown,Photographer,1934-07-25,90,65+
C00617,Lisa Martin,Lake Meganborough,Pirate,1947-11-25,77,65+
C00618,Jamie Mckenzie,Ryantown,Mechanic,1939-10-13,85,65+
C00619,Anthony Hoffman,Jamietown,Librarian,1974-07-16,50,35-50
C00620,Jennifer Young,South John,Magician,1983-09-11,41,35-50
C00621,Monica Elliott,Valeriechester,Builder,1919-09-12,105,65+
C00622,Vickie Rosario,Colleenview,Mechanic,1968-01-07,56,50-65
C00623,Derek Foster,South Julie,Pilot,1977-11-08,47,35-50
C00624,Nancy Hernandez,Pamelaview,Lunchroom supervisor,1972-08-27,52,50-65
C00625,Diana Sampson,New Angela,Pirate,1930-03-16,94,65+
C00626,Michael White,Emmaland,Clown,1956-02-15,68,65+
C00627,Samantha Stark,Rojasborough,Geisha,1914-05-22,110,65+
C00628,Anne White,Port Andrewfort,Magician,2005-08-05,19,Below 25
C00629,Jane Lee,New Jacquelineside,Police officer,1963-05-21,61,50-65
C00630,Deborah Gonzalez,Suzanneberg,Student,1974-11-11,50,35-50
C00631,Nicholas Rodgers,New Amber,Pilot,1924-09-12,100,65+
C00632,Miranda George,Patriciamouth,Footballer,1953-04-19,71,65+
C00633,Duane White,Port Tinastad,Professor,1991-07-24,33,25-35
C00634,Tiffany Alexander,Julianbury,Surgeon,1917-06-05,107,65+
C00635,Anthony Brooks,New Diana,Detective,1933-10-30,91,65+
C00636,Maria Gilbert,New Michael,Doctor,1933-09-11,91,65+
C00637,Kimberly Schultz,Jasonbury,Professor,1994-11-14,30,25-35
C00638,James Johnson,Port Chadborough,Painter,1973-09-14,51,50-65
C00639,Kyle Lee,West Jennifer,Reporter,1920-04-15,104,65+
C00640,Rachel Andersen,South Michelleberg,Flight attendant,1945-11-20,79,65+
C00641,Andrew Morales,North Ashley,Clown,1952-05-24,72,65+
C00642,Regina Ingram,Guzmanshire,Nurse,1914-03-04,110,65+
C00643,Laura Mueller,Vasquezside,Foreman,1982-06-01,42,35-50
C00644,Marcus Douglas,Richardfurt,Flight attendant,1996-08-19,28,25-35
C00645,Gina Romero,Port Jeremy,Builder,1916-09-13,108,65+
C00646,Kathleen Hernandez,New Angela,Doctor,1934-06-11,90,65+
C00647,Tracy Brown,Amytown,Boxer,1982-01-10,42,35-50
C00648,Veronica Leonard,New Rodneyport,Detective,1926-03-04,98,65+
C00649,Anthony Rodriguez,West Jennifer,Forest ranger,2002-09-12,22,Below 25
C00650,James Washington,East Markhaven,Lunchroom supervisor,1925-04-04,99,65+
C00651,Jeffrey Lopez,Waltershire,Flight attendant,1943-12-16,81,65+
C00652,Nicholas Cantrell,Martinezside,Librarian,1971-04-01,53,50-65
C00653,Manuel Barnett,Hendersonshire,Waiter,1944-01-24,80,65+
C00654,Dylan Williams,Jessicaborough,Mechanic,1952-02-25,72,65+
C00655,Troy Vaughn,Ortegafort,Singer,1955-06-28,69,65+
C00656,Elizabeth Clark,Port Jennifer,Magician,1972-09-18,52,50-65
C00657,Stephanie Moore,Port Brenda,Pirate,1976-07-21,48,35-50
C00658,Lisa Carlson,Schmidtburgh,Catholic nun,1992-08-18,32,25-35
C00659,Hannah Dudley,Phillipville,Photographer,2003-08-05,21,Below 25
C00660,Nathan Gomez,Nicholasburgh,Doctor,1941-06-08,83,65+
C00661,Carlos Krueger,Jasmineborough,Pirate,1943-05-08,81,65+
C00662,James Garza,South Erik,Builder,1921-12-27,103,65+
C00663,Bruce Lopez,Kaitlynburgh,Geisha,1923-06-15,101,65+
C00664,Laura Reid,North Michaelhaven,Waiter,1961-08-14,63,50-65
C00665,Christopher Sandoval,East Mark,Magician,1966-06-04,58,50-65
C00666,Denise Moran,South Joshua,Professor,1917-09-09,107,65+
C00667,Ricardo Herman,Robynfurt,Boxer,1941-06-18,83,65+
C00668,Willie Burnett,Brewerhaven,Mechanic,1989-01-17,35,25-35
C00669,Steven Benson,West Kimberly,Housekeeper,1947-06-30,77,65+
C00670,Jeffrey Davis,Austinfurt,Catholic nun,1916-09-07,108,65+
C00671,Andrea Williams,Jeremyshire,Catholic nun,1947-06-23,77,65+
C00672,Autumn Richard,Port Michaelmouth,Soldier,1958-04-03,66,65+
C00673,Brittany Miller,New Shawnport,Singer,1964-11-22,60,50-65
C00674,Darlene Harrington,Port Kevin,Surgeon,1950-01-15,74,65+
C00675,Kayla Hernandez,Palmerview,Catholic nun,1992-06-29,32,25-35
C00676,Rebecca Fisher,New Williamview,Carpenter,1923-04-16,101,65+
C00677,Robert Sullivan,West Keithstad,Diver,1959-04-28,65,50-65
C00678,Harold Alexander,Lake Brendatown,Flight attendant,1960-04-29,64,50-65
C00679,Jose Tyler,East Ronald,Cameraman,1952-08-27,72,65+
C00680,Catherine Stokes,South Aaronstad,Construction worker,1994-09-06,30,25-35
C00681,Michael Morrow,Lake Richardview,Photographer,1938-06-17,86,65+
C00682,Sean Bauer,Blackchester,Architect,1999-05-04,25,Below 25
C00683,John Young,Rachelton,Businessman,1935-12-21,89,65+
C00684,Tammie Wells,New Timothy,Fireman,2005-01-17,19,Below 25
C00685,Melissa Long,North James,Repairman,1976-10-28,48,35-50
C00686,Thomas Miller,North Michael,Clown,1998-02-18,26,25-35
C00687,Jeffery Jones,Curtismouth,Flight attendant,1919-10-06,105,65+
C00688,Kaitlyn Baker,Rachaeltown,Geisha,1913-07-30,111,65+
C00689,Kenneth Mcdaniel,Obrienchester,Singer,1938-01-14,86,65+
C00690,Katherine Mitchell,Griffinborough,Train conductor,1930-03-16,94,65+
C00691,Paul Donaldson,Petersonmouth,Foreman,2004-08-09,20,Below 25
C00692,Benjamin Carter,South Marcton,Lunchroom supervisor,1999-09-16,25,Below 25
C00693,Meagan Goodman,North Sandraburgh,Nurse,1943-12-18,81,65+
C00694,Vanessa Morales,East Michelleview,Geisha,2003-02-04,21,Below 25
C00695,Andrew Moore,Port Mariabury,Architect,1968-12-10,56,50-65
C00696,Matthew Thompson,Alicialand,Waiter,1940-07-04,84,65+
C00697,Mark Edwards,Lake Nicolefurt,Construction worker,1925-02-25,99,65+
C00698,Ashley Jenkins,Katelynside,Detective,1961-12-27,63,50-65
C00699,Jessica Smith,Lake Johnside,Detective,1919-06-07,105,65+
C00700,Jennifer Hoffman,Seanside,Foreman,1976-12-28,48,35-50
C00701,Deborah Rodriguez,Catherineland,Footballer,1948-05-22,76,65+
C00702,Mark Horton,Mollychester,Soldier,1940-02-26,84,65+
C00703,Lisa Huffman,Bradleyhaven,Cameraman,1917-09-17,107,65+
C00704,Leslie Ferguson,Davenportfort,Repairman,2003-11-01,21,Below 25
C00705,Gerald Medina,Brownchester,Train conductor,1984-05-11,40,35-50
C00706,Jerome Gardner,Lake Brittany,Electrician,1982-12-29,42,35-50
C00707,Jeremy Hale,Youngfort,Housekeeper,2004-05-08,20,Below 25
C00708,Randy Cruz,Roseport,Flight attendant,1965-09-13,59,50-65
C00709,Felicia Burch,Waltersport,Diver,1926-07-23,98,65+
C00710,Jeremy Barnes,Lake Jasmineburgh,Police officer,1941-12-29,83,65+
C00711,Joel Sullivan,Port Mary,Secretary,1933-02-03,91,65+
C00712,Shelly Kerr,Gabrielville,Architect,1956-10-21,68,65+
C00713,Eric Armstrong,Hollandton,Priest,1947-05-06,77,65+
C00714,Ralph Carson,Griffinfort,Painter,1964-08-22,60,50-65
C00715,Todd Taylor,Aguilarside,Pope,1933-06-28,91,65+
C00716,Andrea Evans,Port Reneeberg,Construction worker,1973-09-30,51,50-65
C00717,Alex Freeman,Port Deniseview,Scientist,1983-08-24,41,35-50
C00718,Steven Perez,Huynhburgh,Forest ranger,1963-07-12,61,50-65
C00719,Chase Weber,Odonnellborough,Soldier,1921-11-18,103,65+
C00720,Jeremy Reid,Leefort,Foreman,2002-10-11,22,Below 25
C00721,Alan Wilson,Burgessfort,Lifeguard,1987-04-12,37,35-50
C00722,Makayla Miller,Port Travis,Foreman,1972-05-27,52,50-65
C00723,Christopher Carroll,East Michaelborough,Clown,1971-07-27,53,50-65
C00724,Jeremy Boyle,West Steven,Pope,1916-10-08,108,65+
C00725,Michael Austin,Davischester,Businessman,1981-04-09,43,35-50
C00726,Anna Rivera,West Jacobview,Electrician,1981-09-23,43,35-50
C00727,Maria Sanchez,Monicaton,Repairman,1997-09-03,27,25-35
C00728,Victoria Brown,Port Paulchester,Police officer,1941-08-14,83,65+
C00729,Kathryn Reed,Thompsonshire,American football player,1997-12-04,27,25-35
C00730,Amanda Maxwell,Mariaborough,Housewife,2000-06-27,24,Below 25
C00731,Erik Perry,New Johnmouth,Lifeguard,1933-12-17,91,65+
C00732,Lawrence Richardson,Virginiamouth,Student,1978-07-13,46,35-50
C00733,Stefanie Mendez,Port Morganton,Lifeguard,1968-06-24,56,50-65
C00734,Sandra Foster,Lake Taylor,Lifeguard,1935-05-17,89,65+
C00735,Seth Hughes,Troyland,Repairman,1970-03-24,54,50-65
C00736,Andrea Murphy,Brookstown,Housekeeper,1949-05-25,75,65+
C00737,Rhonda Kennedy,East Haroldfurt,Priest,1931-12-10,93,65+
C00738,Alan Baker,Lake Pamelaview,Flight attendant,1972-12-10,52,50-65
C00739,Joshua Garner,New Fernando,American football player,1970-06-14,54,50-65
C00740,Sarah Petty,Lake Danieltown,Photographer,1932-04-22,92,65+
C00741,Sara Lloyd,Lake Robertchester,Housekeeper,1943-10-15,81,65+
C00742,Gabriella Ward,Davidville,Carpenter,1944-06-12,80,65+
C00743,Anthony Greene,Port Kathleen,Reporter,1923-12-12,101,65+
C00744,John Schneider,New Sean,Scientist,1993-07-12,31,25-35
C00745,Gina Phillips,Sheilafort,Paramedic,1925-04-17,99,65+
C00746,Nicole Garcia,East Amy,Repairman,1957-05-01,67,65+
C00747,Sandra Cortez,Huntermouth,Lifeguard,1939-02-14,85,65+
C00748,Alexandra Martin,Sheltonmouth,Mechanic,1974-06-24,50,35-50
C00749,Maria Love,Jonesmouth,Magician,1958-07-01,66,65+
C00750,Patricia Griffin,Kaylamouth,Scientist,1995-11-07,29,25-35
C00751,Travis Wilson,New Lisahaven,Journalist,1972-03-06,52,50-65
C00752,Tracey Melendez,New David,Surgeon,1950-04-03,74,65+
C00753,Lauren Jackson,New Ashleyside,Foreman,1976-11-26,48,35-50
C00754,Alicia Sweeney,Joannaton,Lifeguard,1971-11-04,53,50-65
C00755,Andrew Johnson,South Cindyburgh,Doorman,1925-08-13,99,65+
C00756,Christopher Jones,East Benjamin,Foreman,1978-02-08,46,35-50
C00757,Robert Parker,Bridgesborough,Librarian,1986-10-02,38,35-50
C00758,Jose Reynolds,Port Christophermouth,Lunchroom supervisor,1941-06-02,83,65+
C00759,Adam Newton,East Lisa,Postman,1976-02-05,48,35-50
C00760,Whitney Harper,South Shannonland,Pirate,1957-12-25,67,65+
C00761,John Garrison,Cherylview,Geisha,1974-05-24,50,35-50
C00762,Patricia Mendez,Port Thomas,Doorman,1983-07-18,41,35-50
C00763,Tammie Walker,Nicolemouth,Cameraman,1957-10-27,67,65+
C00764,Amy Herring,West Robertton,Boxer,1955-04-28,69,65+
C00765,Brittany Alexander,East Brian,Businessman,2002-01-04,22,Below 25
C00766,Brittney Roberts,East Carl,Farmer,1984-01-10,40,35-50
C00767,Elaine Chambers,Mileschester,Detective,1985-09-23,39,35-50
C00768,Benjamin Bush,East Kimberlyland,Gardener,1921-02-24,103,65+
C00769,Donald Wilson,Angelaville,Flight attendant,1957-10-16,67,65+
C00770,Michelle Skinner,West Jamesshire,Lunchroom supervisor,1996-07-02,28,25-35
C00771,Tracy Lee,Georgehaven,Paramedic,1943-10-03,81,65+
C00772,Catherine Singleton,Lake Alexander,Construction worker,1914-01-11,110,65+
C00773,Joseph Brandt,Morganstad,Farmer,1965-06-15,59,50-65
C00774,Ashley Holt,Douglasberg,Police officer,1994-05-30,30,25-35
C00775,Anthony Taylor,Port Jamie,Pirate,1913-07-24,111,65+
C00776,Sean Johnson,Georgemouth,Magician,1918-10-02,106,65+
C00777,Amanda Brown,North Sarahshire,Secretary,1973-11-16,51,50-65
C00778,Jeffrey Cooper,Grossland,Catholic nun,1958-11-15,66,65+
C00779,Brendan Espinoza,North Juliemouth,Farmer,1915-10-26,109,65+
C00780,Sydney Johns,South Lynnview,Boxer,2004-11-22,20,Below 25
C00781,Jill Morales,Jasonborough,Clown,1992-09-09,32,25-35
C00782,Corey Walker,North John,Singer,1948-01-30,76,65+
C00783,Mark Stout,New Scottshire,Student,1992-11-03,32,25-35
C00784,David Johnson,Amandatown,Carpenter,1934-10-07,90,65+
C00785,Douglas Smith,Gainestown,Forest ranger,1962-03-07,62,50-65
C00786,Catherine Schmidt,North Robert,Geisha,1933-02-20,91,65+
C00787,Sherry Rodriguez,South Dawntown,Singer,1947-02-08,77,65+
C00788,Jared Smith,Hayesbury,Police officer,1966-04-30,58,50-65
C00789,Derrick David,Port Elizabeth,Architect,1983-07-07,41,35-50
C00790,Pamela Vega,North Jennifer,Librarian,1969-11-26,55,50-65
C00791,Zachary Copeland,West Jennifer,Housekeeper,1991-11-10,33,25-35
C00792,Joseph Mason,Bradleyville,Mechanic,1958-08-05,66,65+
C00793,Brian Fletcher,South Catherineton,Photographer,1939-03-11,85,65+
C00794,Angel Torres,South Danielshire,Forest ranger,1912-10-01,112,65+
C00795,Austin Edwards,Port Helen,Foreman,1950-10-11,74,65+
C00796,Michael Clark,Rachaeltown,Foreman,1995-05-22,29,25-35
C00797,Samantha Wolf,Delgadoshire,Engineer,1932-01-19,92,65+
C00798,David Lopez,North Sarah,Pilot,1986-01-13,38,35-50
C00799,Rachel Shannon,Andersonborough,Forest ranger,1933-09-13,91,65+
C00800,Deborah York,East Ashleystad,Pirate,1963-05-07,61,50-65
C00801,Regina Brock,North Melissa,Pirate,1975-11-14,49,35-50
C00802,Maria Brown,Collinschester,Train conductor,1949-12-19,75,65+
C00803,Christopher Pennington,Joshuashire,Professor,1973-01-09,51,50-65
C00804,Victoria Diaz,East Dylan,Salesman,1962-02-09,62,50-65
C00805,Anthony West,Walkerburgh,Businessman,1990-06-12,34,25-35
C00806,Angelica Ellis,West Kimberly,Gardener,1960-06-06,64,50-65
C00807,Angelica Hall,Port Carolynchester,Gardener,2001-05-29,23,Below 25
C00808,Kelly Owen,South Brianburgh,American football player,1917-04-03,107,65+
C00809,Dave Fernandez,Lake Karenton,Fireman,1960-07-14,64,50-65
C00810,April Johnson,East Julianburgh,Soldier,1957-06-19,67,65+
C00811,Jennifer Wong,Sheltonborough,Paramedic,1948-12-28,76,65+
C00812,Nathan Thompson,Port Jonathonville,Singer,1925-05-30,99,65+
C00813,David Jackson,West Johnshire,Singer,1956-03-27,68,65+
C00814,Ernest Taylor,Whitneyfurt,American football player,1950-04-07,74,65+
C00815,Katherine Bentley,Williamsfurt,Pope,1998-02-02,26,25-35
C00816,Michael Rose,Johnsonton,Photographer,1984-05-15,40,35-50
C00817,Mary Juarez,Keithchester,Geisha,1988-07-12,36,35-50
C00818,Maria Russo,East Paulaton,Postman,1997-04-08,27,25-35
C00819,Donna Perez,New Zachary,Scientist,2003-01-13,21,Below 25
C00820,Joseph White,North Rebeccaberg,Secretary,1983-01-28,41,35-50
C00821,Nathan Lee,East Diane,Salesman,1940-09-23,84,65+
C00822,Joshua Jones,Davisburgh,Waiter,1978-09-03,46,35-50
C00823,Brian Montgomery,Port Ericland,Waiter,1983-01-07,41,35-50
C00824,Miguel Melendez,Marvinton,Pope,1940-09-24,84,65+
C00825,Andrew Sellers,South Lauratown,Lifeguard,1984-03-02,40,35-50
C00826,Lauren Taylor,New Michael,Postman,1975-01-14,49,35-50
C00827,Christine Montgomery,Lake Stephen,Fireman,1989-09-12,35,25-35
C00828,Amanda Jones,Ryanfurt,Surgeon,1993-11-09,31,25-35
C00829,Dorothy Gutierrez,Murphybury,Fireman,1951-04-17,73,65+
C00830,Thomas Jones,West Barbara,Detective,1949-04-06,75,65+
C00831,Antonio Gilmore,North Ericfort,Lunchroom supervisor,1996-01-24,28,25-35
C00832,Jeffery Pitts,Michaelmouth,Student,1949-05-18,75,65+
C00833,Luke Williams,Gallowayview,Gardener,1998-03-11,26,25-35
C00834,Anthony Frost,West Robertstad,Nurse,1993-03-17,31,25-35
C00835,Lynn Stevens,Brentstad,Clown,1944-10-09,80,65+
C00836,Brenda Barton,New Saratown,Foreman,1926-12-19,98,65+
C00837,Tyler Durham,Larsonbury,Carpenter,1977-11-17,47,35-50
C00838,Madeline Turner,Richardfurt,Clown,1942-03-23,82,65+
C00839,David Black,Johnsonville,Electrician,1976-12-08,48,35-50
C00840,Andre Frank,North Arthurview,Train conductor,1965-12-06,59,50-65
C00841,Anthony Watson,East Williambury,Dentist,1925-03-31,99,65+
C00842,Samuel Weiss,West Ryan,Singer,1936-12-30,88,65+
C00843,Linda Jordan,Port Amberchester,Carpenter,1976-03-04,48,35-50
C00844,William Johnson,Jeffreyburgh,Professor,1995-11-17,29,25-35
C00845,Dennis Griffin,Martinezview,Forest ranger,1963-06-29,61,50-65
C00846,Bryan Roberts,Sandersberg,Gardener,1930-06-28,94,65+
C00847,Barbara Sutton,South Kristen,Lifeguard,1982-09-07,42,35-50
C00848,David Yates,Jonesbury,Footballer,1948-06-12,76,65+
C00849,Victoria Vasquez,Rodriguezport,Scientist,1988-02-08,36,35-50
C00850,Theresa Kent,Paulfort,American football player,1936-04-07,88,65+
C00851,Nicholas Wilson,Pughside,Salesman,1919-03-07,105,65+
C00852,Chase Moore,Sarahmouth,Boxer,1952-04-06,72,65+
C00853,Gregory Reyes,East Ericmouth,Reporter,1958-08-02,66,65+
C00854,Daniel Mcgrath,Joyland,Soldier,1943-07-11,81,65+
C00855,Ian Vincent,Hernandezmouth,Pope,1920-07-27,104,65+
C00856,Henry Barnes,Edwardtown,Housekeeper,1971-10-02,53,50-65
C00857,Lucas Logan,East Albert,Builder,1947-05-02,77,65+
C00858,Rebecca Caldwell,East Melissaville,Police officer,1976-07-23,48,35-50
C00859,Jillian Wood,Port Christine,Pilot,1980-06-15,44,35-50
C00860,Katelyn Sanchez,Leechester,Painter,1925-10-01,99,65+
C00861,Kayla Higgins,Lake Kenneth,Forest ranger,1973-02-23,51,50-65
C00862,Jay Tucker,Lake Kathrynchester,Fireman,1985-08-23,39,35-50
C00863,Jon Taylor,North Christopher,Forest ranger,1991-05-26,33,25-35
C00864,Vincent Patterson,South Josephside,Mechanic,1926-05-17,98,65+
C00865,Scott Rodgers,Sarahfurt,Paramedic,1969-04-09,55,50-65
C00866,Maria Chandler,Ingramville,Pope,1991-07-04,33,25-35
C00867,Ryan Torres,Christopherfurt,Journalist,1963-04-26,61,50-65
C00868,Traci Higgins,Reeseview,Salesman,1966-01-03,58,50-65
C00869,Deborah Morris,New Stevenfort,American football player,1918-01-30,106,65+
C00870,Danielle Parrish,Lauraton,Footballer,1989-09-27,35,25-35
C00871,Crystal White,Ewingmouth,Soldier,1992-10-07,32,25-35
C00872,Kimberly Johnston,Hallmouth,Boxer,1936-07-06,88,65+
C00873,Lori Leblanc,Davisport,Lunchroom supervisor,1925-06-23,99,65+
C00874,Craig Jones,Anthonyberg,Foreman,1952-06-19,72,65+
C00875,Robert Fischer,Lawsonside,Catholic nun,2001-04-22,23,Below 25
C00876,Aaron Sherman,Lake Natalieburgh,Flight attendant,1928-03-01,96,65+
C00877,Joseph Foster,South Rodneytown,Pilot,1958-10-14,66,65+
C00878,Alexa Hunter,Thomasside,American football player,1986-05-26,38,35-50
C00879,Belinda Alvarez,Millerburgh,Builder,1976-04-04,48,35-50
C00880,Suzanne Boyd,South Jeremyland,Pope,1946-06-07,78,65+
C00881,Amy Hanson,East Cameronbury,Catholic nun,1963-09-07,61,50-65
C00882,Dylan Blevins,Youngfurt,Waiter,1949-05-26,75,65+
C00883,Shawn Wong,Lake Jessicaburgh,Nurse,1928-06-27,96,65+
C00884,Alicia Rhodes,East Aaronhaven,Repairman,1925-12-09,99,65+
C00885,Jennifer Terry,Cruztown,Businessman,1994-07-17,30,25-35
C00886,Lori Gilbert,South Susanshire,Librarian,1991-01-11,33,25-35
C00887,John Knight,North Danielbury,Priest,1933-09-09,91,65+
C00888,Patrick Johnson,Carterport,Magician,1937-04-08,87,65+
C00889,Scott Gordon,East Curtis,Pope,1993-05-28,31,25-35
C00890,Julie Lucas,New Amber,Engineer,1914-05-30,110,65+
C00891,Patricia Young,Lawrenceberg,Businessman,1970-03-25,54,50-65
C00892,Robin Taylor,Francisborough,Fireman,2004-05-03,20,Below 25
C00893,Ashley Williams,Patriciaton,Lifeguard,1929-12-18,95,65+
C00894,Margaret Herrera,South Ryanfurt,Paramedic,1984-11-12,40,35-50
C00895,Chad Nguyen,Angelport,Electrician,1999-07-02,25,Below 25
C00896,Kelly Garza,Hinesmouth,Soldier,1922-07-13,102,65+
C00897,Veronica White,Hillberg,Photographer,1991-02-16,33,25-35
C00898,Jacob Morgan,Kaylahaven,Clown,1929-04-16,95,65+
C00899,Tonya Riley,Gardnerton,Boxer,1970-08-02,54,50-65
C00900,Christopher Cox,Robertburgh,Train conductor,2001-09-19,23,Below 25
C00901,Larry Cooper,New Sarahburgh,Clown,1955-06-02,69,65+
C00902,Jason Hudson,Penachester,Singer,1967-07-13,57,50-65
C00903,Edward Nash,Lake Jacob,Footballer,1951-01-26,73,65+
C00904,Elizabeth Campbell,Wilcoxmouth,Postman,1971-07-25,53,50-65
C00905,Nancy Hughes,West Christophermouth,Salesman,1962-03-15,62,50-65
C00906,Michael Ross,North Sandrafort,Cameraman,1930-04-11,94,65+
C00907,John Mahoney,West Henrybury,Farmer,2001-10-28,23,Below 25
C00908,Katie Vega,Jacksonmouth,Mechanic,1921-07-30,103,65+
C00909,Kelly Small,Herrerafort,Surgeon,1926-12-09,98,65+
C00910,Tina Proctor,Davidfurt,Doorman,1991-05-04,33,25-35
C00911,John Moses,South Gary,Pope,1924-04-11,100,65+
C00912,David Mendoza,East Davidberg,Doctor,1961-03-05,63,50-65
C00913,Katie Keller,Bellside,American football player,1935-02-07,89,65+
C00914,Rodney George,Port Brian,Boxer,1927-08-11,97,65+
C00915,Shane Torres,West Matthewfort,Electrician,1957-02-17,67,65+
C00916,Jeff Patel,Sharpborough,Scientist,1969-12-27,55,50-65
C00917,Robin Mueller,Port Kristenburgh,Lunchroom supervisor,2004-09-29,20,Below 25
C00918,Kyle Gonzalez,Lindsayland,Detective,1993-04-09,31,25-35
C00919,Devin Bray,South Brooketon,Paramedic,1963-01-07,61,50-65
C00920,Chad Walker,Flynnmouth,Geisha,1996-10-20,28,25-35
C00921,Adrienne Lee,East Sarah,Housekeeper,1994-03-08,30,25-35
C00922,Julia Schroeder,Benjaminshire,Journalist,1993-09-27,31,25-35
C00923,Michael Brown,North Stephenmouth,Train conductor,2004-02-18,20,Below 25
C00924,Paul Mendoza,Mitchellstad,Singer,1983-06-13,41,35-50
C00925,Matthew Brown,East Caroline,Mechanic,2002-07-16,22,Below 25
C00926,Raymond Hutchinson,New Tinaport,Businessman,2003-04-28,21,Below 25
C00927,Timothy Cooper,East Melissabury,Doorman,1975-12-18,49,35-50
C00928,Patrick Fowler,Lake Kyleshire,Fireman,1988-07-05,36,35-50
C00929,Matthew Padilla,Alejandroshire,Police officer,1975-02-25,49,35-50
C00930,Lauren Scott,Anthonyside,Student,1942-12-28,82,65+
C00931,Kelsey Carter,Javierview,Builder,1940-05-22,84,65+
C00932,Katherine Sanchez,East Noahshire,Paramedic,1957-05-27,67,65+
C00933,Eduardo Williams,North Seanfurt,Nurse,1937-10-21,87,65+
C00934,Angela Pollard,Joelborough,Lifeguard,1975-05-12,49,35-50
C00935,Emily Smith,South Jason,Waiter,1964-07-06,60,50-65
C00936,Jonathan Thompson,West Johnnyberg,Cameraman,1929-09-12,95,65+
C00937,Heather Curry,West Tyler,American football player,2003-03-14,21,Below 25
C00938,Loretta Williams,East John,Businessman,1988-01-10,36,35-50
C00939,Jeremy Alvarez,East Destiny,Doorman,1934-03-04,90,65+
C00940,James Clay,Smithborough,Professor,1968-12-20,56,50-65
C00941,Richard Callahan,East Austin,Mechanic,1929-02-08,95,65+
C00942,Richard Campbell,Port Christine,Foreman,1913-03-09,111,65+
C00943,Philip Guerrero,Jonesbury,Geisha,1956-12-11,68,65+
C00944,Sarah Garcia,North James,Journalist,1988-06-03,36,35-50
C00945,Mary Rodriguez,East Scott,Gardener,1978-09-02,46,35-50
C00946,Michelle Lee,Lake Stacy,Electrician,1983-07-12,41,35-50
C00947,Darius Burns,Port Natashaview,Businessman,1954-04-09,70,65+
C00948,Allen Contreras,New Jonathanborough,Foreman,1953-11-19,71,65+
C00949,Tanner Harris,Jacobfurt,Builder,1929-04-01,95,65+
C00950,Brenda Ramirez,Cummingsfort,Farmer,1948-04-04,76,65+
C00951,Stephanie Adams,Andersonport,Forest ranger,2000-09-08,24,Below 25
C00952,Derek Carrillo,West Cynthia,Electrician,1993-07-26,31,25-35
C00953,Christopher Thomas,New Phillipport,Diver,1973-02-21,51,50-65
C00954,David Young,Riversberg,American football player,1947-06-06,77,65+
C00955,Amy Sanchez,Lake Tyrone,Detective,1955-07-08,69,65+
C00956,Daniel Gonzales,Kiddshire,Foreman,1940-10-05,84,65+
C00957,Kayla Taylor,Holmesshire,Soldier,1939-06-04,85,65+
C00958,Tonya Knight,Port Scottton,Painter,2001-07-12,23,Below 25
C00959,Brenda Turner,Carrilloton,Geisha,1977-07-18,47,35-50
C00960,Matthew Smith,Amberberg,Journalist,1947-07-16,77,65+
C00961,Thomas Stevens,West Sandraburgh,Magician,1950-03-22,74,65+
C00962,Carl Miller,Davidville,Doorman,1931-10-08,93,65+
C00963,Kenneth Alvarez,Hernandezstad,Flight attendant,1955-11-10,69,65+
C00964,Nathan Woods,East Virginia,Photographer,1927-10-20,97,65+
C00965,Chelsea Mcclure,Adrianview,Detective,1930-07-13,94,65+
C00966,Teresa Ferrell,Lake Rebekah,Foreman,1964-07-03,60,50-65
C00967,Lynn Christian,West Denise,Gardener,1983-03-26,41,35-50
C00968,Amy Bender,Hickstown,Construction worker,1994-10-31,30,25-35
C00969,John Johnson,North Michael,Electrician,1923-08-11,101,65+
C00970,Mary Parker,Lake Paige,Diver,1920-12-28,104,65+
C00971,Justin Riley,West Markmouth,Secretary,1942-08-19,82,65+
C00972,Andrew Patterson,Whiteland,Train conductor,1932-05-30,92,65+
C00973,Selena Wilson,Stefaniefort,Flight attendant,1959-07-13,65,50-65
C00974,Jordan Blair,Phamhaven,Businessman,1942-04-27,82,65+
C00975,Laurie Mendoza,Grahamshire,Flight attendant,2001-04-02,23,Below 25
C00976,Samantha Sloan,North Kimberly,Foreman,1940-12-30,84,65+
C00977,Danielle Robles,East Lisamouth,Forest ranger,1940-07-31,84,65+
C00978,Jacob Rosario,Lake Lydiaside,Businessman,1991-09-08,33,25-35
C00979,Jeremy Jackson,Michaelberg,Forest ranger,1932-01-26,92,65+
C00980,Meghan Young,West Mindymouth,Builder,1970-11-15,54,50-65
C00981,Matthew Perez,North Nicole,Doctor,1988-07-13,36,35-50
C00982,Thomas Garcia,Port Paulview,Librarian,1944-02-28,80,65+
C00983,Brandon Ferguson,New Sarahmouth,Businessman,1982-10-11,42,35-50
C00984,Cameron Wagner,Sharonstad,Flight attendant,1966-02-12,58,50-65
C00985,Dawn Galloway,Julieport,Journalist,1973-11-10,51,50-65
C00986,Richard Carr,West Amandamouth,Paramedic,1996-05-11,28,25-35
C00987,Tina Stewart,Michellefurt,Carpenter,1987-08-01,37,35-50
C00988,Victor Baird,Jonesville,Carpenter,1961-06-11,63,50-65
C00989,Jeremy Brewer,Lloydbury,Student,1948-01-31,76,65+
C00990,Brenda Young,Hannahmouth,Electrician,1953-02-01,71,65+
C00991,Ryan Patrick,West Cheryl,American football player,1929-12-24,95,65+
C00992,Allison Gay,East William,Foreman,1923-07-07,101,65+
C00993,Jeremy Vaughn,West Gary,Fireman,2001-06-21,23,Below 25
C00994,Lisa Fuller,Palmerstad,Train conductor,1964-09-07,60,50-65
C00995,Timothy White,New Brianaburgh,Priest,1979-02-22,45,35-50
C00996,Jorge Harrison,Cooperview,Paramedic,1937-07-29,87,65+
C00997,Margaret Lewis,Carrieville,Surgeon,1993-02-12,31,25-35
C00998,Jason Jenkins,North Levistad,Cameraman,1913-12-14,111,65+
C00999,Peter Durham,West Bryanfurt,Fireman,1977-12-15,47,35-50
C01000,Samuel Rose,West Roberto,Cameraman,1913-04-09,111,65+
