BRANCH_ID,BRANCH_NAME,BRANCH_STATE,INDIAN_STATE,REGION,ZONE,BRANCH_TYPE
B00001,ND00000,North Dakota,Mizoram,Northeast,Northeast Zone,Semi-Urban
B00002,NE00001,Nebraska,Manipur,Northeast,Northeast Zone,Semi-Urban
B00003,CT00002,Connecticut,Goa,West,West Zone,Urban
B00004,MO00003,Missouri,Assam,Northeast,Northeast Zone,Semi-Urban
B00005,NV00004,Nevada,Jammu and Kashmir,North,North Zone,Urban
B00006,ME00005,Maine,Meghalaya,Northeast,Northeast Zone,Semi-Urban
B00007,NY00006,New York,Karnataka,South,South Zone,Urban
B00008,ME00007,Maine,Meghalaya,Northeast,Northeast Zone,Semi-Urban
B00009,IA00008,Iowa,Odisha,East,East Zone,Semi-Urban
B00010,PA00009,Pennsylvania,Madhya Pradesh,Central,Central Zone,Semi-Urban
B00011,NC00010,North Carolina,Sikkim,Northeast,Northeast Zone,Semi-Urban
B00012,NH00011,New Hampshire,Tripura,Northeast,Northeast Zone,Semi-Urban
B00013,SC00012,South Carolina,Chandigarh,North,North Zone,Urban
B00014,AL00013,Alabama,Kerala,South,South Zone,Urban
B00015,MD00014,Maryland,Haryana,North,North Zone,Urban
B00016,NM00015,New Mexico,Nagaland,Northeast,Northeast Zone,Semi-Urban
B00017,SD00016,South Dakota,Meghalaya,Northeast,Northeast Zone,Semi-Urban
B00018,LA00017,Louisiana,Andhra Pradesh,South,South Zone,Urban
B00019,NM00018,New Mexico,Nagaland,Northeast,Northeast Zone,Semi-Urban
B00020,NY00019,New York,Karnataka,South,South Zone,Urban
B00021,WI00020,Wisconsin,Karnataka,South,South Zone,Urban
B00022,WA00021,Washington,Maharashtra,West,West Zone,Urban
B00023,UT00022,Utah,Gujarat,West,West Zone,Urban
B00024,AL00023,Alabama,Kerala,South,South Zone,Urban
B00025,LA00024,Louisiana,Andhra Pradesh,South,South Zone,Urban
B00026,HI00025,Hawaii,Andaman and Nicobar,Island,Island Zone,Semi-Urban
B00027,VA00026,Virginia,Kerala,South,South Zone,Urban
B00028,PR00027,Puerto Rico,Lakshadweep,Island,Island Zone,Semi-Urban
B00029,MN00028,Minnesota,Punjab,North,North Zone,Urban
B00030,HI00029,Hawaii,Andaman and Nicobar,Island,Island Zone,Semi-Urban
B00031,NH00030,New Hampshire,Tripura,Northeast,Northeast Zone,Semi-Urban
B00032,RI00031,Rhode Island,Dadra and NH,West,West Zone,Urban
B00033,TX00032,Texas,Telangana,South,South Zone,Urban
B00034,IA00033,Iowa,Odisha,East,East Zone,Semi-Urban
B00035,NC00034,North Carolina,Sikkim,Northeast,Northeast Zone,Semi-Urban
B00036,IL00035,Illinois,Uttar Pradesh,North,North Zone,Urban
B00037,WI00036,Wisconsin,Karnataka,South,South Zone,Urban
B00038,MO00037,Missouri,Assam,Northeast,Northeast Zone,Semi-Urban
B00039,CO00038,Colorado,Uttarakhand,North,North Zone,Urban
B00040,LA00039,Louisiana,Andhra Pradesh,South,South Zone,Urban
B00041,OR00040,Oregon,Himachal Pradesh,North,North Zone,Urban
B00042,WY00041,Wyoming,Rajasthan,North,North Zone,Urban
B00043,AK00042,Alaska,Ladakh,North,North Zone,Urban
B00044,NC00043,North Carolina,Sikkim,Northeast,Northeast Zone,Semi-Urban
B00045,CA00044,California,Maharashtra,West,West Zone,Urban
B00046,NV00045,Nevada,Jammu and Kashmir,North,North Zone,Urban
B00047,AZ00046,Arizona,Rajasthan,North,North Zone,Urban
B00048,DE00047,Delaware,Puducherry,South,South Zone,Urban
B00049,VA00048,Virginia,Kerala,South,South Zone,Urban
B00050,MO00049,Missouri,Assam,Northeast,Northeast Zone,Semi-Urban
